:START_ID,:END_ID,relation,:TYPE
200611,400001,行业属于,行业属于
201168,400001,行业属于,行业属于
203486,400001,行业属于,行业属于
200489,400001,行业属于,行业属于
202184,400001,行业属于,行业属于
200625,400001,行业属于,行业属于
200453,400001,行业属于,行业属于
202082,400001,行业属于,行业属于
202864,400001,行业属于,行业属于
200815,400001,行业属于,行业属于
201539,400001,行业属于,行业属于
201126,400001,行业属于,行业属于
201123,400001,行业属于,行业属于
200264,400001,行业属于,行业属于
203121,400001,行业属于,行业属于
202224,400001,行业属于,行业属于
201105,400001,行业属于,行业属于
200262,400001,行业属于,行业属于
201104,400001,行业属于,行业属于
201657,400001,行业属于,行业属于
201028,400001,行业属于,行业属于
201361,400001,行业属于,行业属于
201350,400001,行业属于,行业属于
200487,400001,行业属于,行业属于
202610,400001,行业属于,行业属于
203198,400001,行业属于,行业属于
200841,400001,行业属于,行业属于
202483,400001,行业属于,行业属于
201476,400001,行业属于,行业属于
202700,400001,行业属于,行业属于
201021,400001,行业属于,行业属于
201444,400002,行业属于,行业属于
201187,400002,行业属于,行业属于
201185,400002,行业属于,行业属于
201184,400002,行业属于,行业属于
201612,400002,行业属于,行业属于
201508,400002,行业属于,行业属于
201759,400002,行业属于,行业属于
202195,400002,行业属于,行业属于
200537,400002,行业属于,行业属于
201023,400002,行业属于,行业属于
200701,400002,行业属于,行业属于
200867,400002,行业属于,行业属于
200521,400002,行业属于,行业属于
200713,400002,行业属于,行业属于
200920,400002,行业属于,行业属于
201313,400002,行业属于,行业属于
202928,400002,行业属于,行业属于
201996,400002,行业属于,行业属于
201034,400003,行业属于,行业属于
200814,400003,行业属于,行业属于
201132,400003,行业属于,行业属于
203508,400003,行业属于,行业属于
200184,400003,行业属于,行业属于
201973,400003,行业属于,行业属于
202777,400003,行业属于,行业属于
201681,400003,行业属于,行业属于
203518,400003,行业属于,行业属于
202746,400003,行业属于,行业属于
202675,400003,行业属于,行业属于
202242,400003,行业属于,行业属于
202000,400003,行业属于,行业属于
202528,400003,行业属于,行业属于
202736,400003,行业属于,行业属于
200851,400003,行业属于,行业属于
200708,400003,行业属于,行业属于
200817,400003,行业属于,行业属于
200907,400003,行业属于,行业属于
200938,400003,行业属于,行业属于
200358,400003,行业属于,行业属于
203294,400003,行业属于,行业属于
201381,400003,行业属于,行业属于
203310,400003,行业属于,行业属于
202705,400003,行业属于,行业属于
202229,400003,行业属于,行业属于
200603,400004,行业属于,行业属于
200193,400004,行业属于,行业属于
202456,400004,行业属于,行业属于
201172,400004,行业属于,行业属于
200795,400004,行业属于,行业属于
201160,400004,行业属于,行业属于
200863,400004,行业属于,行业属于
200645,400004,行业属于,行业属于
200520,400004,行业属于,行业属于
201002,400004,行业属于,行业属于
202648,400004,行业属于,行业属于
202690,400004,行业属于,行业属于
200557,400004,行业属于,行业属于
201609,400004,行业属于,行业属于
202478,400004,行业属于,行业属于
200540,400004,行业属于,行业属于
200813,400004,行业属于,行业属于
200866,400004,行业属于,行业属于
200464,400004,行业属于,行业属于
203056,400004,行业属于,行业属于
201989,400004,行业属于,行业属于
201495,400004,行业属于,行业属于
201409,400004,行业属于,行业属于
201517,400004,行业属于,行业属于
200194,400004,行业属于,行业属于
202274,400004,行业属于,行业属于
200524,400004,行业属于,行业属于
200732,400004,行业属于,行业属于
202507,400004,行业属于,行业属于
200846,400004,行业属于,行业属于
202273,400004,行业属于,行业属于
201095,400004,行业属于,行业属于
200554,400004,行业属于,行业属于
201092,400004,行业属于,行业属于
200731,400004,行业属于,行业属于
200996,400004,行业属于,行业属于
200265,400004,行业属于,行业属于
201086,400004,行业属于,行业属于
202458,400004,行业属于,行业属于
200470,400004,行业属于,行业属于
200759,400004,行业属于,行业属于
203316,400004,行业属于,行业属于
202070,400004,行业属于,行业属于
202896,400004,行业属于,行业属于
201077,400004,行业属于,行业属于
203155,400004,行业属于,行业属于
202247,400004,行业属于,行业属于
201898,400004,行业属于,行业属于
201790,400004,行业属于,行业属于
200185,400004,行业属于,行业属于
201049,400004,行业属于,行业属于
202980,400004,行业属于,行业属于
201351,400004,行业属于,行业属于
201712,400004,行业属于,行业属于
203272,400004,行业属于,行业属于
200739,400004,行业属于,行业属于
203152,400004,行业属于,行业属于
200228,400004,行业属于,行业属于
200148,400004,行业属于,行业属于
200607,400004,行业属于,行业属于
201506,400004,行业属于,行业属于
202302,400004,行业属于,行业属于
201547,400004,行业属于,行业属于
200435,400004,行业属于,行业属于
200868,400004,行业属于,行业属于
202611,400004,行业属于,行业属于
200957,400004,行业属于,行业属于
200678,400004,行业属于,行业属于
201984,400004,行业属于,行业属于
201875,400004,行业属于,行业属于
202460,400004,行业属于,行业属于
202793,400004,行业属于,行业属于
201020,400004,行业属于,行业属于
200797,400004,行业属于,行业属于
201991,400004,行业属于,行业属于
201907,400004,行业属于,行业属于
200721,400004,行业属于,行业属于
201760,400004,行业属于,行业属于
201305,400004,行业属于,行业属于
201304,400004,行业属于,行业属于
201553,400004,行业属于,行业属于
200368,400004,行业属于,行业属于
200870,400004,行业属于,行业属于
203266,400004,行业属于,行业属于
202819,400004,行业属于,行业属于
201752,400004,行业属于,行业属于
201289,400004,行业属于,行业属于
200580,400004,行业属于,行业属于
202923,400004,行业属于,行业属于
200877,400004,行业属于,行业属于
200084,400004,行业属于,行业属于
202008,400004,行业属于,行业属于
203331,400004,行业属于,行业属于
200666,400004,行业属于,行业属于
201740,400004,行业属于,行业属于
200726,400004,行业属于,行业属于
201860,400004,行业属于,行业属于
201818,400004,行业属于,行业属于
202152,400004,行业属于,行业属于
200892,400004,行业属于,行业属于
203147,400004,行业属于,行业属于
200406,400004,行业属于,行业属于
202448,400004,行业属于,行业属于
201639,400004,行业属于,行业属于
202632,400004,行业属于,行业属于
203003,400004,行业属于,行业属于
201873,400004,行业属于,行业属于
200512,400004,行业属于,行业属于
201946,400004,行业属于,行业属于
201262,400004,行业属于,行业属于
201604,400004,行业属于,行业属于
201511,400004,行业属于,行业属于
202565,400004,行业属于,行业属于
200915,400004,行业属于,行业属于
200565,400004,行业属于,行业属于
200085,400004,行业属于,行业属于
200003,400004,行业属于,行业属于
200980,400004,行业属于,行业属于
202994,400004,行业属于,行业属于
201895,400004,行业属于,行业属于
201591,400004,行业属于,行业属于
202732,400004,行业属于,行业属于
202926,400004,行业属于,行业属于
200699,400004,行业属于,行业属于
200432,400004,行业属于,行业属于
201815,400004,行业属于,行业属于
200538,400004,行业属于,行业属于
200788,400004,行业属于,行业属于
202296,400004,行业属于,行业属于
201670,400004,行业属于,行业属于
201881,400004,行业属于,行业属于
202462,400004,行业属于,行业属于
200507,400004,行业属于,行业属于
200056,400004,行业属于,行业属于
200949,400004,行业属于,行业属于
202646,400004,行业属于,行业属于
200035,400004,行业属于,行业属于
201243,400004,行业属于,行业属于
203517,400004,行业属于,行业属于
202112,400004,行业属于,行业属于
203189,400004,行业属于,行业属于
202034,400004,行业属于,行业属于
201716,400004,行业属于,行业属于
203524,400004,行业属于,行业属于
200822,400004,行业属于,行业属于
203412,400004,行业属于,行业属于
202964,400004,行业属于,行业属于
203407,400004,行业属于,行业属于
202013,400004,行业属于,行业属于
200514,400004,行业属于,行业属于
200431,400004,行业属于,行业属于
202590,400004,行业属于,行业属于
200300,400004,行业属于,行业属于
200044,400004,行业属于,行业属于
203450,400004,行业属于,行业属于
201868,400004,行业属于,行业属于
202571,400004,行业属于,行业属于
202463,400004,行业属于,行业属于
202644,400004,行业属于,行业属于
200171,400004,行业属于,行业属于
202591,400004,行业属于,行业属于
200333,400004,行业属于,行业属于
200365,400004,行业属于,行业属于
200049,400004,行业属于,行业属于
200058,400004,行业属于,行业属于
202415,400004,行业属于,行业属于
203417,400004,行业属于,行业属于
201210,400004,行业属于,行业属于
201777,400004,行业属于,行业属于
200972,400004,行业属于,行业属于
201206,400004,行业属于,行业属于
201557,400004,行业属于,行业属于
201205,400004,行业属于,行业属于
201637,400004,行业属于,行业属于
203357,400004,行业属于,行业属于
202722,400004,行业属于,行业属于
200286,400004,行业属于,行业属于
202304,400004,行业属于,行业属于
202457,400004,行业属于,行业属于
200714,400004,行业属于,行业属于
203252,400004,行业属于,行业属于
202205,400004,行业属于,行业属于
201408,400004,行业属于,行业属于
202470,400004,行业属于,行业属于
202447,400004,行业属于,行业属于
202103,400004,行业属于,行业属于
203190,400004,行业属于,行业属于
200558,400004,行业属于,行业属于
203140,400004,行业属于,行业属于
200696,400004,行业属于,行业属于
201695,400004,行业属于,行业属于
201201,400004,行业属于,行业属于
202496,400004,行业属于,行业属于
200771,400004,行业属于,行业属于
201035,400004,行业属于,行业属于
202473,400004,行业属于,行业属于
202494,400004,行业属于,行业属于
202638,400004,行业属于,行业属于
203359,400004,行业属于,行业属于
202564,400004,行业属于,行业属于
200053,400004,行业属于,行业属于
201011,400004,行业属于,行业属于
200197,400004,行业属于,行业属于
201757,400004,行业属于,行业属于
203161,400004,行业属于,行业属于
201563,400004,行业属于,行业属于
201606,400004,行业属于,行业属于
202416,400004,行业属于,行业属于
200176,400004,行业属于,行业属于
201365,400005,行业属于,行业属于
201945,400005,行业属于,行业属于
200397,400005,行业属于,行业属于
201064,400005,行业属于,行业属于
203010,400005,行业属于,行业属于
200865,400005,行业属于,行业属于
200609,400005,行业属于,行业属于
201663,400005,行业属于,行业属于
202717,400005,行业属于,行业属于
200761,400005,行业属于,行业属于
200760,400005,行业属于,行业属于
200662,400005,行业属于,行业属于
202207,400005,行业属于,行业属于
201737,400005,行业属于,行业属于
200338,400005,行业属于,行业属于
200610,400005,行业属于,行业属于
201150,400005,行业属于,行业属于
202014,400005,行业属于,行业属于
201413,400005,行业属于,行业属于
202995,400005,行业属于,行业属于
200634,400005,行业属于,行业属于
202226,400005,行业属于,行业属于
202402,400005,行业属于,行业属于
202289,400005,行业属于,行业属于
201384,400005,行业属于,行业属于
201750,400005,行业属于,行业属于
200371,400005,行业属于,行业属于
201795,400005,行业属于,行业属于
202993,400005,行业属于,行业属于
201453,400005,行业属于,行业属于
201489,400005,行业属于,行业属于
202427,400005,行业属于,行业属于
201723,400005,行业属于,行业属于
201528,400005,行业属于,行业属于
202146,400005,行业属于,行业属于
201924,400005,行业属于,行业属于
200282,400005,行业属于,行业属于
201128,400005,行业属于,行业属于
200222,400005,行业属于,行业属于
200109,400005,行业属于,行业属于
201112,400005,行业属于,行业属于
203260,400005,行业属于,行业属于
202097,400005,行业属于,行业属于
200061,400005,行业属于,行业属于
200955,400005,行业属于,行业属于
202354,400005,行业属于,行业属于
201364,400005,行业属于,行业属于
202042,400005,行业属于,行业属于
200927,400005,行业属于,行业属于
202743,400005,行业属于,行业属于
203100,400005,行业属于,行业属于
202336,400005,行业属于,行业属于
202393,400005,行业属于,行业属于
201909,400005,行业属于,行业属于
202391,400005,行业属于,行业属于
201492,400005,行业属于,行业属于
201017,400005,行业属于,行业属于
201410,400005,行业属于,行业属于
201791,400005,行业属于,行业属于
200258,400005,行业属于,行业属于
200651,400005,行业属于,行业属于
200998,400005,行业属于,行业属于
201339,400005,行业属于,行业属于
201567,400005,行业属于,行业属于
200266,400005,行业属于,行业属于
202919,400005,行业属于,行业属于
200934,400005,行业属于,行业属于
203164,400005,行业属于,行业属于
203071,400005,行业属于,行业属于
202805,400005,行业属于,行业属于
200803,400005,行业属于,行业属于
203232,400005,行业属于,行业属于
202380,400005,行业属于,行业属于
203325,400005,行业属于,行业属于
201311,400005,行业属于,行业属于
201599,400005,行业属于,行业属于
200793,400005,行业属于,行业属于
200490,400005,行业属于,行业属于
200941,400005,行业属于,行业属于
201692,400005,行业属于,行业属于
202727,400005,行业属于,行业属于
202100,400005,行业属于,行业属于
202485,400005,行业属于,行业属于
201867,400005,行业属于,行业属于
200270,400005,行业属于,行业属于
202474,400005,行业属于,行业属于
203042,400005,行业属于,行业属于
202802,400005,行业属于,行业属于
201653,400005,行业属于,行业属于
201037,400005,行业属于,行业属于
201585,400005,行业属于,行业属于
200150,400005,行业属于,行业属于
202559,400005,行业属于,行业属于
200950,400005,行业属于,行业属于
201276,400005,行业属于,行业属于
203132,400005,行业属于,行业属于
202269,400005,行业属于,行业属于
201816,400005,行业属于,行业属于
201696,400005,行业属于,行业属于
200765,400005,行业属于,行业属于
201479,400005,行业属于,行业属于
202083,400005,行业属于,行业属于
200331,400005,行业属于,行业属于
200844,400005,行业属于,行业属于
201951,400005,行业属于,行业属于
201403,400005,行业属于,行业属于
203188,400005,行业属于,行业属于
203443,400005,行业属于,行业属于
202945,400005,行业属于,行业属于
202058,400005,行业属于,行业属于
201960,400005,行业属于,行业属于
201263,400005,行业属于,行业属于
203250,400005,行业属于,行业属于
201012,400005,行业属于,行业属于
200602,400005,行业属于,行业属于
200180,400005,行业属于,行业属于
202916,400005,行业属于,行业属于
201742,400005,行业属于,行业属于
200804,400005,行业属于,行业属于
202232,400005,行业属于,行业属于
201008,400005,行业属于,行业属于
201754,400005,行业属于,行业属于
200989,400005,行业属于,行业属于
201415,400005,行业属于,行业属于
201703,400005,行业属于,行业属于
202668,400005,行业属于,行业属于
203078,400005,行业属于,行业属于
203053,400005,行业属于,行业属于
201780,400005,行业属于,行业属于
203225,400005,行业属于,行业属于
201995,400005,行业属于,行业属于
202081,400005,行业属于,行业属于
202352,400005,行业属于,行业属于
200893,400005,行业属于,行业属于
200294,400005,行业属于,行业属于
202950,400005,行业属于,行业属于
201684,400005,行业属于,行业属于
202396,400005,行业属于,行业属于
201921,400005,行业属于,行业属于
202825,400005,行业属于,行业属于
202737,400005,行业属于,行业属于
200545,400005,行业属于,行业属于
203163,400005,行业属于,行业属于
200940,400005,行业属于,行业属于
202553,400005,行业属于,行业属于
202407,400005,行业属于,行业属于
202772,400005,行业属于,行业属于
202016,400005,行业属于,行业属于
203148,400005,行业属于,行业属于
202946,400005,行业属于,行业属于
201053,400005,行业属于,行业属于
201378,400005,行业属于,行业属于
203046,400005,行业属于,行业属于
200997,400006,行业属于,行业属于
202104,400006,行业属于,行业属于
201467,400006,行业属于,行业属于
201125,400006,行业属于,行业属于
201110,400006,行业属于,行业属于
201798,400006,行业属于,行业属于
201603,400006,行业属于,行业属于
201540,400006,行业属于,行业属于
201081,400006,行业属于,行业属于
200703,400006,行业属于,行业属于
201352,400006,行业属于,行业属于
202359,400006,行业属于,行业属于
202315,400006,行业属于,行业属于
201329,400006,行业属于,行业属于
201038,400006,行业属于,行业属于
201284,400006,行业属于,行业属于
201590,400006,行业属于,行业属于
202249,400006,行业属于,行业属于
202851,400006,行业属于,行业属于
202548,400006,行业属于,行业属于
203320,400006,行业属于,行业属于
202854,400006,行业属于,行业属于
201530,400006,行业属于,行业属于
203178,400007,行业属于,行业属于
200931,400007,行业属于,行业属于
201156,400007,行业属于,行业属于
202308,400007,行业属于,行业属于
203466,400007,行业属于,行业属于
200872,400007,行业属于,行业属于
200604,400007,行业属于,行业属于
200897,400007,行业属于,行业属于
201375,400007,行业属于,行业属于
202176,400007,行业属于,行业属于
202365,400007,行业属于,行业属于
200942,400007,行业属于,行业属于
201472,400007,行业属于,行业属于
201950,400007,行业属于,行业属于
201370,400007,行业属于,行业属于
202465,400007,行业属于,行业属于
201503,400007,行业属于,行业属于
202424,400007,行业属于,行业属于
202908,400007,行业属于,行业属于
200494,400008,行业属于,行业属于
201781,400008,行业属于,行业属于
201101,400008,行业属于,行业属于
203168,400008,行业属于,行业属于
200289,400008,行业属于,行业属于
202310,400008,行业属于,行业属于
200247,400008,行业属于,行业属于
201679,400008,行业属于,行业属于
203027,400008,行业属于,行业属于
203047,400008,行业属于,行业属于
202823,400008,行业属于,行业属于
201291,400008,行业属于,行业属于
203150,400008,行业属于,行业属于
201625,400008,行业属于,行业属于
202762,400008,行业属于,行业属于
201724,400008,行业属于,行业属于
200975,400008,行业属于,行业属于
200012,400008,行业属于,行业属于
202621,400008,行业属于,行业属于
201729,400008,行业属于,行业属于
202929,400008,行业属于,行业属于
200575,400008,行业属于,行业属于
200362,400008,行业属于,行业属于
202837,400008,行业属于,行业属于
202586,400008,行业属于,行业属于
203479,400008,行业属于,行业属于
202940,400008,行业属于,行业属于
203292,400008,行业属于,行业属于
200924,400008,行业属于,行业属于
202784,400008,行业属于,行业属于
202796,400008,行业属于,行业属于
200585,400008,行业属于,行业属于
200709,400008,行业属于,行业属于
200158,400008,行业属于,行业属于
202321,400008,行业属于,行业属于
202625,400008,行业属于,行业属于
203173,400008,行业属于,行业属于
200767,400008,行业属于,行业属于
200624,400008,行业属于,行业属于
202172,400008,行业属于,行业属于
200571,400008,行业属于,行业属于
201560,400008,行业属于,行业属于
201057,400008,行业属于,行业属于
200202,400008,行业属于,行业属于
202604,400008,行业属于,行业属于
202285,400008,行业属于,行业属于
200719,400008,行业属于,行业属于
201199,400008,行业属于,行业属于
201374,400009,行业属于,行业属于
200629,400009,行业属于,行业属于
201188,400009,行业属于,行业属于
201442,400009,行业属于,行业属于
201510,400009,行业属于,行业属于
203210,400009,行业属于,行业属于
202689,400009,行业属于,行业属于
202235,400009,行业属于,行业属于
200550,400009,行业属于,行业属于
202558,400009,行业属于,行业属于
202116,400009,行业属于,行业属于
201922,400009,行业属于,行业属于
201165,400009,行业属于,行业属于
201052,400009,行业属于,行业属于
200374,400009,行业属于,行业属于
200573,400009,行业属于,行业属于
201152,400009,行业属于,行业属于
200734,400009,行业属于,行业属于
200706,400009,行业属于,行业属于
202943,400009,行业属于,行业属于
201438,400009,行业属于,行业属于
201589,400009,行业属于,行业属于
201518,400009,行业属于,行业属于
200755,400009,行业属于,行业属于
200159,400009,行业属于,行业属于
201124,400009,行业属于,行业属于
202550,400009,行业属于,行业属于
201801,400009,行业属于,行业属于
201111,400009,行业属于,行业属于
203000,400009,行业属于,行业属于
200672,400009,行业属于,行业属于
201836,400009,行业属于,行业属于
201574,400009,行业属于,行业属于
201981,400009,行业属于,行业属于
200837,400009,行业属于,行业属于
203467,400009,行业属于,行业属于
202020,400009,行业属于,行业属于
203116,400009,行业属于,行业属于
200785,400009,行业属于,行业属于
202694,400009,行业属于,行业属于
201564,400009,行业属于,行业属于
202562,400009,行业属于,行业属于
202384,400009,行业属于,行业属于
203302,400009,行业属于,行业属于
200930,400009,行业属于,行业属于
201954,400009,行业属于,行业属于
201083,400009,行业属于,行业属于
201566,400009,行业属于,行业属于
201082,400009,行业属于,行业属于
200776,400009,行业属于,行业属于
203226,400009,行业属于,行业属于
202133,400009,行业属于,行业属于
201689,400009,行业属于,行业属于
202325,400009,行业属于,行业属于
203040,400009,行业属于,行业属于
200984,400009,行业属于,行业属于
202954,400009,行业属于,行业属于
202049,400009,行业属于,行业属于
201347,400009,行业属于,行业属于
202514,400009,行业属于,行业属于
200852,400009,行业属于,行业属于
201774,400009,行业属于,行业属于
202566,400009,行业属于,行业属于
201912,400009,行业属于,行业属于
202346,400009,行业属于,行业属于
201726,400009,行业属于,行业属于
201940,400009,行业属于,行业属于
201283,400009,行业属于,行业属于
201277,400009,行业属于,行业属于
203249,400009,行业属于,行业属于
202341,400009,行业属于,行业属于
202309,400009,行业属于,行业属于
202686,400009,行业属于,行业属于
202388,400009,行业属于,行业属于
201376,400009,行业属于,行业属于
202834,400009,行业属于,行业属于
202385,400009,行业属于,行业属于
200093,400009,行业属于,行业属于
203127,400009,行业属于,行业属于
202703,400009,行业属于,行业属于
201491,400009,行业属于,行业属于
202423,400009,行业属于,行业属于
203288,400009,行业属于,行业属于
203026,400010,行业属于,行业属于
202244,400010,行业属于,行业属于
201891,400010,行业属于,行业属于
202347,400010,行业属于,行业属于
203240,400010,行业属于,行业属于
203187,400010,行业属于,行业属于
202484,400010,行业属于,行业属于
202306,400010,行业属于,行业属于
203177,400010,行业属于,行业属于
203080,400010,行业属于,行业属于
202437,400010,行业属于,行业属于
203199,400010,行业属于,行业属于
203048,400010,行业属于,行业属于
201411,400010,行业属于,行业属于
200529,400011,行业属于,行业属于
201617,400011,行业属于,行业属于
200695,400011,行业属于,行业属于
201481,400011,行业属于,行业属于
201634,400011,行业属于,行业属于
201988,400011,行业属于,行业属于
200241,400011,行业属于,行业属于
200936,400011,行业属于,行业属于
200849,400011,行业属于,行业属于
200261,400011,行业属于,行业属于
200971,400011,行业属于,行业属于
200518,400011,行业属于,行业属于
200346,400011,行业属于,行业属于
202781,400011,行业属于,行业属于
200587,400011,行业属于,行业属于
201137,400011,行业属于,行业属于
200900,400011,行业属于,行业属于
200953,400011,行业属于,行业属于
202105,400011,行业属于,行业属于
201992,400011,行业属于,行业属于
202481,400011,行业属于,行业属于
202334,400011,行业属于,行业属于
201355,400011,行业属于,行业属于
201460,400011,行业属于,行业属于
201974,400011,行业属于,行业属于
202493,400011,行业属于,行业属于
200661,400011,行业属于,行业属于
200252,400011,行业属于,行业属于
203451,400011,行业属于,行业属于
200618,400011,行业属于,行业属于
201720,400011,行业属于,行业属于
202480,400011,行业属于,行业属于
200425,400011,行业属于,行业属于
201799,400011,行业属于,行业属于
201296,400011,行业属于,行业属于
201433,400011,行业属于,行业属于
200329,400011,行业属于,行业属于
200615,400011,行业属于,行业属于
202190,400011,行业属于,行业属于
200380,400011,行业属于,行业属于
202935,400011,行业属于,行业属于
200568,400011,行业属于,行业属于
201001,400011,行业属于,行业属于
201986,400011,行业属于,行业属于
202202,400011,行业属于,行业属于
200088,400011,行业属于,行业属于
201259,400011,行业属于,行业属于
201252,400011,行业属于,行业属于
200385,400011,行业属于,行业属于
201249,400011,行业属于,行业属于
203500,400011,行业属于,行业属于
200905,400011,行业属于,行业属于
202468,400011,行业属于,行业属于
200126,400011,行业属于,行业属于
200502,400011,行业属于,行业属于
201551,400011,行业属于,行业属于
200640,400011,行业属于,行业属于
200638,400011,行业属于,行业属于
203279,400011,行业属于,行业属于
201882,400011,行业属于,行业属于
202079,400011,行业属于,行业属于
202331,400011,行业属于,行业属于
202708,400011,行业属于,行业属于
202175,400012,行业属于,行业属于
202815,400012,行业属于,行业属于
200669,400012,行业属于,行业属于
200174,400012,行业属于,行业属于
200956,400012,行业属于,行业属于
200168,400012,行业属于,行业属于
202110,400012,行业属于,行业属于
202431,400012,行业属于,行业属于
201138,400012,行业属于,行业属于
202158,400012,行业属于,行业属于
201908,400012,行业属于,行业属于
201642,400012,行业属于,行业属于
202656,400012,行业属于,行业属于
202909,400012,行业属于,行业属于
201440,400012,行业属于,行业属于
201827,400012,行业属于,行业属于
200999,400012,行业属于,行业属于
200135,400012,行业属于,行业属于
202181,400012,行业属于,行业属于
202106,400012,行业属于,行业属于
201090,400012,行业属于,行业属于
200857,400012,行业属于,行业属于
202053,400012,行业属于,行业属于
201087,400012,行业属于,行业属于
201550,400012,行业属于,行业属于
202168,400012,行业属于,行业属于
200805,400012,行业属于,行业属于
200569,400012,行业属于,行业属于
202797,400012,行业属于,行业属于
200409,400012,行业属于,行业属于
201982,400012,行业属于,行业属于
201932,400012,行业属于,行业属于
201360,400012,行业属于,行业属于
202095,400012,行业属于,行业属于
202252,400012,行业属于,行业属于
203382,400012,行业属于,行业属于
201353,400012,行业属于,行业属于
202290,400012,行业属于,行业属于
202060,400012,行业属于,行业属于
201331,400012,行业属于,行业属于
202936,400012,行业属于,行业属于
200170,400012,行业属于,行业属于
202764,400012,行业属于,行业属于
202542,400012,行业属于,行业属于
201445,400012,行业属于,行业属于
201303,400012,行业属于,行业属于
200417,400012,行业属于,行业属于
201544,400012,行业属于,行业属于
201301,400012,行业属于,行业属于
202337,400012,行业属于,行业属于
202064,400012,行业属于,行业属于
201660,400012,行业属于,行业属于
202430,400012,行业属于,行业属于
203212,400012,行业属于,行业属于
202532,400012,行业属于,行业属于
203388,400012,行业属于,行业属于
202865,400012,行业属于,行业属于
202059,400012,行业属于,行业属于
203137,400012,行业属于,行业属于
202526,400012,行业属于,行业属于
201271,400012,行业属于,行业属于
203411,400012,行业属于,行业属于
202358,400012,行业属于,行业属于
202155,400012,行业属于,行业属于
202044,400012,行业属于,行业属于
202371,400012,行业属于,行业属于
202046,400012,行业属于,行业属于
201265,400012,行业属于,行业属于
201638,400012,行业属于,行业属于
201501,400012,行业属于,行业属于
201257,400012,行业属于,行业属于
202075,400012,行业属于,行业属于
203234,400012,行业属于,行业属于
202816,400012,行业属于,行业属于
200548,400012,行业属于,行业属于
201997,400012,行业属于,行业属于
201925,400012,行业属于,行业属于
200281,400012,行业属于,行业属于
202327,400012,行业属于,行业属于
202089,400012,行业属于,行业属于
202317,400012,行业属于,行业属于
200450,400012,行业属于,行业属于
200340,400012,行业属于,行业属于
202580,400012,行业属于,行业属于
203203,400012,行业属于,行业属于
202459,400012,行业属于,行业属于
202576,400012,行业属于,行业属于
202015,400012,行业属于,行业属于
203165,400012,行业属于,行业属于
203061,400012,行业属于,行业属于
201177,400013,行业属于,行业属于
201175,400013,行业属于,行业属于
200832,400013,行业属于,行业属于
202883,400013,行业属于,行业属于
201485,400013,行业属于,行业属于
203095,400013,行业属于,行业属于
203360,400013,行业属于,行业属于
200317,400013,行业属于,行业属于
202740,400013,行业属于,行业属于
203239,400013,行业属于,行业属于
201619,400013,行业属于,行业属于
200036,400013,行业属于,行业属于
201275,400013,行业属于,行业属于
201533,400013,行业属于,行业属于
200117,400013,行业属于,行业属于
201765,400013,行业属于,行业属于
202833,400013,行业属于,行业属于
201260,400013,行业属于,行业属于
201430,400013,行业属于,行业属于
200632,400013,行业属于,行业属于
200590,400013,行业属于,行业属于
200332,400013,行业属于,行业属于
203354,400013,行业属于,行业属于
201739,400013,行业属于,行业属于
202529,400013,行业属于,行业属于
201207,400013,行业属于,行业属于
201702,400013,行业属于,行业属于
200116,400013,行业属于,行业属于
202983,400013,行业属于,行业属于
202228,400013,行业属于,行业属于
201624,400013,行业属于,行业属于
203482,400013,行业属于,行业属于
203086,400013,行业属于,行业属于
201532,400014,行业属于,行业属于
201178,400014,行业属于,行业属于
203072,400014,行业属于,行业属于
201778,400014,行业属于,行业属于
201699,400014,行业属于,行业属于
201677,400014,行业属于,行业属于
200757,400014,行业属于,行业属于
200763,400014,行业属于,行业属于
200976,400014,行业属于,行业属于
201133,400014,行业属于,行业属于
201838,400014,行业属于,行业属于
202508,400014,行业属于,行业属于
202417,400014,行业属于,行业属于
202305,400014,行业属于,行业属于
201764,400014,行业属于,行业属于
200396,400014,行业属于,行业属于
201505,400014,行业属于,行业属于
201121,400014,行业属于,行业属于
201425,400014,行业属于,行业属于
201611,400014,行业属于,行业属于
200738,400014,行业属于,行业属于
203521,400014,行业属于,行业属于
201717,400014,行业属于,行业属于
202085,400014,行业属于,行业属于
200436,400014,行业属于,行业属于
201829,400014,行业属于,行业属于
200448,400014,行业属于,行业属于
201494,400014,行业属于,行业属于
200882,400014,行业属于,行业属于
201865,400014,行业属于,行业属于
201645,400014,行业属于,行业属于
202688,400014,行业属于,行业属于
201421,400014,行业属于,行业属于
202959,400014,行业属于,行业属于
202177,400014,行业属于,行业属于
201432,400014,行业属于,行业属于
203390,400014,行业属于,行业属于
200862,400014,行业属于,行业属于
201607,400014,行业属于,行业属于
201465,400014,行业属于,行业属于
201387,400014,行业属于,行业属于
201456,400014,行业属于,行业属于
201947,400014,行业属于,行业属于
200475,400014,行业属于,行业属于
201796,400014,行业属于,行业属于
202704,400014,行业属于,行业属于
200845,400014,行业属于,行业属于
202898,400014,行业属于,行业属于
200273,400014,行业属于,行业属于
202568,400014,行业属于,行业属于
201400,400014,行业属于,行业属于
200659,400014,行业属于,行业属于
203328,400014,行业属于,行业属于
201349,400014,行业属于,行业属于
201018,400014,行业属于,行业属于
200015,400014,行业属于,行业属于
201449,400014,行业属于,行业属于
200533,400014,行业属于,行业属于
202035,400014,行业属于,行业属于
203273,400014,行业属于,行业属于
202413,400014,行业属于,行业属于
201340,400014,行业属于,行业属于
201337,400014,行业属于,行业属于
202739,400014,行业属于,行业属于
200101,400014,行业属于,行业属于
200592,400014,行业属于,行业属于
201581,400014,行业属于,行业属于
200688,400014,行业属于,行业属于
201961,400014,行业属于,行业属于
200912,400014,行业属于,行业属于
201416,400014,行业属于,行业属于
200810,400014,行业属于,行业属于
202617,400014,行业属于,行业属于
200467,400014,行业属于,行业属于
201015,400014,行业属于,行业属于
201572,400014,行业属于,行业属于
201512,400014,行业属于,行业属于
202554,400014,行业属于,行业属于
200162,400014,行业属于,行业属于
201274,400014,行业属于,行业属于
202533,400014,行业属于,行业属于
202076,400014,行业属于,行业属于
201623,400014,行业属于,行业属于
202787,400014,行业属于,行业属于
202163,400014,行业属于,行业属于
202698,400014,行业属于,行业属于
201648,400014,行业属于,行业属于
200847,400014,行业属于,行业属于
202335,400014,行业属于,行业属于
201469,400014,行业属于,行业属于
200383,400014,行业属于,行业属于
203032,400014,行业属于,行业属于
202605,400015,行业属于,行业属于
203510,400015,行业属于,行业属于
200048,400015,行业属于,行业属于
200758,400015,行业属于,行业属于
201162,400015,行业属于,行业属于
201145,400015,行业属于,行业属于
200002,400015,行业属于,行业属于
200679,400015,行业属于,行业属于
200400,400015,行业属于,行业属于
201130,400015,行业属于,行业属于
200122,400015,行业属于,行业属于
200433,400015,行业属于,行业属于
202872,400015,行业属于,行业属于
202038,400015,行业属于,行业属于
201971,400015,行业属于,行业属于
202643,400015,行业属于,行业属于
200388,400015,行业属于,行业属于
200875,400015,行业属于,行业属于
202967,400015,行业属于,行业属于
200880,400015,行业属于,行业属于
201437,400015,行业属于,行业属于
201333,400015,行业属于,行业属于
200224,400015,行业属于,行业属于
201317,400015,行业属于,行业属于
200364,400015,行业属于,行业属于
201027,400015,行业属于,行业属于
200376,400015,行业属于,行业属于
200616,400015,行业属于,行业属于
203432,400015,行业属于,行业属于
201306,400015,行业属于,行业属于
200407,400015,行业属于,行业属于
200367,400015,行业属于,行业属于
203534,400015,行业属于,行业属于
200236,400015,行业属于,行业属于
200182,400015,行业属于,行业属于
200151,400015,行业属于,行业属于
200166,400015,行业属于,行业属于
201045,400015,行业属于,行业属于
200052,400015,行业属于,行业属于
200404,400015,行业属于,行业属于
200334,400015,行业属于,行业属于
200041,400015,行业属于,行业属于
202118,400016,行业属于,行业属于
200963,400016,行业属于,行业属于
201054,400016,行业属于,行业属于
203157,400016,行业属于,行业属于
201928,400016,行业属于,行业属于
202356,400016,行业属于,行业属于
201468,400016,行业属于,行业属于
202182,400016,行业属于,行业属于
201420,400016,行业属于,行业属于
201942,400016,行业属于,行业属于
201958,400016,行业属于,行业属于
201391,400016,行业属于,行业属于
200935,400016,行业属于,行业属于
202906,400016,行业属于,行业属于
203394,400016,行业属于,行业属于
202002,400016,行业属于,行业属于
200668,400016,行业属于,行业属于
200786,400016,行业属于,行业属于
203526,400016,行业属于,行业属于
203166,400016,行业属于,行业属于
200328,400016,行业属于,行业属于
202595,400016,行业属于,行业属于
203014,400016,行业属于,行业属于
203093,400016,行业属于,行业属于
200962,400016,行业属于,行业属于
202607,400016,行业属于,行业属于
202164,400016,行业属于,行业属于
200155,400016,行业属于,行业属于
201835,400016,行业属于,行业属于
202725,400016,行业属于,行业属于
201899,400016,行业属于,行业属于
202001,400017,行业属于,行业属于
200579,400017,行业属于,行业属于
201166,400017,行业属于,行业属于
201709,400017,行业属于,行业属于
201665,400017,行业属于,行业属于
201153,400017,行业属于,行业属于
202382,400017,行业属于,行业属于
200026,400017,行业属于,行业属于
201952,400017,行业属于,行业属于
201414,400017,行业属于,行业属于
200199,400017,行业属于,行业属于
202544,400017,行业属于,行业属于
201858,400017,行业属于,行业属于
201664,400017,行业属于,行业属于
202153,400017,行业属于,行业属于
201901,400017,行业属于,行业属于
202555,400017,行业属于,行业属于
202006,400017,行业属于,行业属于
203332,400017,行业属于,行业属于
201586,400017,行业属于,行业属于
201009,400017,行业属于,行业属于
201107,400017,行业属于,行业属于
200655,400017,行业属于,行业属于
203097,400017,行业属于,行业属于
202476,400017,行业属于,行业属于
201594,400017,行业属于,行业属于
201837,400017,行业属于,行业属于
200736,400017,行业属于,行业属于
202810,400017,行业属于,行业属于
201434,400017,行业属于,行业属于
202661,400017,行业属于,行业属于
201346,400017,行业属于,行业属于
201337,400017,行业属于,行业属于
201336,400017,行业属于,行业属于
202429,400017,行业属于,行业属于
201738,400017,行业属于,行业属于
202272,400017,行业属于,行业属于
200259,400017,行业属于,行业属于
201319,400017,行业属于,行业属于
202677,400017,行业属于,行业属于
202750,400017,行业属于,行业属于
202288,400017,行业属于,行业属于
201819,400017,行业属于,行业属于
202123,400017,行业属于,行业属于
203218,400017,行业属于,行业属于
200146,400017,行业属于,行业属于
201297,400017,行业属于,行业属于
200100,400017,行业属于,行业属于
200884,400017,行业属于,行业属于
202130,400017,行业属于,行业属于
202159,400017,行业属于,行业属于
201286,400017,行业属于,行业属于
201285,400017,行业属于,行业属于
201743,400017,行业属于,行业属于
201888,400017,行业属于,行业属于
201279,400017,行业属于,行业属于
201273,400017,行业属于,行业属于
200059,400017,行业属于,行业属于
202724,400017,行业属于,行业属于
201876,400017,行业属于,行业属于
201571,400017,行业属于,行业属于
201529,400017,行业属于,行业属于
203262,400017,行业属于,行业属于
201758,400017,行业属于,行业属于
201850,400017,行业属于,行业属于
201792,400017,行业属于,行业属于
201244,400017,行业属于,行业属于
202775,400017,行业属于,行业属于
201851,400018,行业属于,行业属于
200762,400018,行业属于,行业属于
200415,400018,行业属于,行业属于
201158,400018,行业属于,行业属于
201917,400018,行业属于,行业属于
201149,400018,行业属于,行业属于
202783,400018,行业属于,行业属于
202552,400018,行业属于,行业属于
203211,400018,行业属于,行业属于
200991,400018,行业属于,行业属于
201119,400018,行业属于,行业属于
201732,400018,行业属于,行业属于
201423,400018,行业属于,行业属于
200853,400018,行业属于,行业属于
200219,400018,行业属于,行业属于
200715,400018,行业属于,行业属于
201093,400018,行业属于,行业属于
203516,400018,行业属于,行业属于
200754,400018,行业属于,行业属于
201327,400018,行业属于,行业属于
201644,400018,行业属于,行业属于
201324,400018,行业属于,行业属于
200698,400018,行业属于,行业属于
200888,400018,行业属于,行业属于
200525,400018,行业属于,行业属于
201179,400019,行业属于,行业属于
201919,400019,行业属于,行业属于
202543,400019,行业属于,行业属于
201157,400019,行业属于,行业属于
202812,400019,行业属于,行业属于
203055,400019,行业属于,行业属于
201802,400019,行业属于,行业属于
200420,400019,行业属于,行业属于
200272,400019,行业属于,行业属于
202874,400019,行业属于,行业属于
201587,400019,行业属于,行业属于
200605,400019,行业属于,行业属于
201097,400019,行业属于,行业属于
200961,400019,行业属于,行业属于
200308,400019,行业属于,行业属于
201088,400019,行业属于,行业属于
202151,400019,行业属于,行业属于
201085,400019,行业属于,行业属于
202633,400019,行业属于,行业属于
202282,400019,行业属于,行业属于
203030,400019,行业属于,行业属于
202141,400019,行业属于,行业属于
200104,400019,行业属于,行业属于
200622,400019,行业属于,行业属于
201513,400019,行业属于,行业属于
201308,400019,行业属于,行业属于
201024,400019,行业属于,行业属于
202655,400019,行业属于,行业属于
203415,400019,行业属于,行业属于
202893,400019,行业属于,行业属于
200921,400019,行业属于,行业属于
203019,400019,行业属于,行业属于
202368,400019,行业属于,行业属于
200136,400019,行业属于,行业属于
201631,400019,行业属于,行业属于
201710,400019,行业属于,行业属于
201772,400019,行业属于,行业属于
203074,400019,行业属于,行业属于
203470,400019,行业属于,行业属于
203130,400019,行业属于,行业属于
202218,400019,行业属于,行业属于
203345,400019,行业属于,行业属于
200013,400019,行业属于,行业属于
200263,400019,行业属于,行业属于
200164,400019,行业属于,行业属于
201473,400019,行业属于,行业属于
202345,400019,行业属于,行业属于
200429,400019,行业属于,行业属于
202920,400019,行业属于,行业属于
200312,400019,行业属于,行业属于
200541,400019,行业属于,行业属于
201896,400019,行业属于,行业属于
201762,400019,行业属于,行业属于
200102,400019,行业属于,行业属于
203514,400019,行业属于,行业属于
202685,400019,行业属于,行业属于
202569,400019,行业属于,行业属于
202193,400019,行业属于,行业属于
201569,400019,行业属于,行业属于
203124,400019,行业属于,行业属于
202829,400019,行业属于,行业属于
202684,400019,行业属于,行业属于
202180,400019,行业属于,行业属于
200508,400019,行业属于,行业属于
202466,400020,行业属于,行业属于
200544,400020,行业属于,行业属于
200576,400020,行业属于,行业属于
200519,400020,行业属于,行业属于
202322,400020,行业属于,行业属于
201605,400020,行业属于,行业属于
201507,400020,行业属于,行业属于
200702,400020,行业属于,行业属于
202270,400020,行业属于,行业属于
202933,400020,行业属于,行业属于
202230,400020,行业属于,行业属于
201767,400020,行业属于,行业属于
201522,400020,行业属于,行业属于
201401,400020,行业属于,行业属于
200009,400020,行业属于,行业属于
201462,400020,行业属于,行业属于
201640,400020,行业属于,行业属于
201300,400020,行业属于,行业属于
200840,400020,行业属于,行业属于
201694,400020,行业属于,行业属于
201446,400020,行业属于,行业属于
203253,400020,行业属于,行业属于
201884,400020,行业属于,行业属于
200391,400020,行业属于,行业属于
201598,400021,行业属于,行业属于
200169,400021,行业属于,行业属于
200873,400021,行业属于,行业属于
201715,400021,行业属于,行业属于
201515,400021,行业属于,行业属于
200121,400021,行业属于,行业属于
201220,400021,行业属于,行业属于
202047,400021,行业属于,行业属于
202129,400022,行业属于,行业属于
201890,400022,行业属于,行业属于
201174,400022,行业属于,行业属于
202808,400022,行业属于,行业属于
202992,400022,行业属于,行业属于
202214,400022,行业属于,行业属于
201026,400022,行业属于,行业属于
201608,400022,行业属于,行业属于
201144,400022,行业属于,行业属于
201500,400022,行业属于,行业属于
200375,400022,行业属于,行业属于
201136,400022,行业属于,行业属于
202640,400022,行业属于,行业属于
200944,400022,行业属于,行业属于
201009,400022,行业属于,行业属于
203206,400022,行业属于,行业属于
201727,400022,行业属于,行业属于
202472,400022,行业属于,行业属于
201538,400022,行业属于,行业属于
202197,400022,行业属于,行业属于
201466,400022,行业属于,行业属于
202557,400022,行业属于,行业属于
202857,400022,行业属于,行业属于
201713,400022,行业属于,行业属于
202012,400022,行业属于,行业属于
200748,400022,行业属于,行业属于
202080,400022,行业属于,行业属于
202446,400022,行业属于,行业属于
202216,400022,行业属于,行业属于
202330,400022,行业属于,行业属于
202674,400022,行业属于,行业属于
203258,400022,行业属于,行业属于
201342,400022,行业属于,行业属于
201779,400022,行业属于,行业属于
201320,400022,行业属于,行业属于
201562,400022,行业属于,行业属于
202160,400022,行业属于,行业属于
202004,400022,行业属于,行业属于
200250,400022,行业属于,行业属于
201579,400022,行业属于,行业属于
200826,400022,行业属于,行业属于
201182,400023,行业属于,行业属于
201782,400023,行业属于,行业属于
201914,400023,行业属于,行业属于
203474,400023,行业属于,行业属于
202818,400023,行业属于,行业属于
201155,400023,行业属于,行业属于
202052,400023,行业属于,行业属于
200430,400023,行业属于,行业属于
200201,400023,行业属于,行业属于
200419,400023,行业属于,行业属于
200728,400023,行业属于,行业属于
201115,400023,行业属于,行业属于
203434,400023,行业属于,行业属于
202927,400023,行业属于,行业属于
200325,400023,行业属于,行业属于
201099,400023,行业属于,行业属于
201633,400023,行业属于,行业属于
200671,400023,行业属于,行业属于
202284,400023,行业属于,行业属于
200742,400023,行业属于,行业属于
200361,400023,行业属于,行业属于
201040,400023,行业属于,行业属于
201321,400023,行业属于,行业属于
201316,400023,行业属于,行业属于
202914,400023,行业属于,行业属于
200348,400023,行业属于,行业属于
200598,400023,行业属于,行业属于
200382,400023,行业属于,行业属于
203028,400023,行业属于,行业属于
201307,400023,行业属于,行业属于
200297,400023,行业属于,行业属于
201282,400023,行业属于,行业属于
202432,400023,行业属于,行业属于
200925,400023,行业属于,行业属于
200965,400023,行业属于,行业属于
200682,400023,行业属于,行业属于
200517,400023,行业属于,行业属于
202264,400023,行业属于,行业属于
200694,400023,行业属于,行业属于
201915,400023,行业属于,行业属于
200077,400023,行业属于,行业属于
202099,400023,行业属于,行业属于
200964,400023,行业属于,行业属于
200071,400023,行业属于,行业属于
202357,400023,行业属于,行业属于
202944,400023,行业属于,行业属于
201241,400023,行业属于,行业属于
200072,400023,行业属于,行业属于
201428,400023,行业属于,行业属于
200816,400023,行业属于,行业属于
201235,400023,行业属于,行业属于
202281,400023,行业属于,行业属于
201457,400023,行业属于,行业属于
201847,400023,行业属于,行业属于
201212,400023,行业属于,行业属于
203406,400023,行业属于,行业属于
201211,400023,行业属于,行业属于
201830,400023,行业属于,行业属于
201176,400024,行业属于,行业属于
202744,400024,行业属于,行业属于
201293,400024,行业属于,行业属于
200674,400024,行业属于,行业属于
200103,400024,行业属于,行业属于
201936,400024,行业属于,行业属于
203133,400024,行业属于,行业属于
200497,400025,行业属于,行业属于
203471,400025,行业属于,行业属于
200123,400025,行业属于,行业属于
201328,400025,行业属于,行业属于
200390,400025,行业属于,行业属于
201678,400025,行业属于,行业属于
202875,400025,行业属于,行业属于
203387,400025,行业属于,行业属于
202499,400026,行业属于,行业属于
200787,400026,行业属于,行业属于
201186,400026,行业属于,行业属于
202892,400026,行业属于,行业属于
200437,400026,行业属于,行业属于
200027,400026,行业属于,行业属于
201651,400026,行业属于,行业属于
202121,400026,行业属于,行业属于
203134,400026,行业属于,行业属于
201154,400026,行业属于,行业属于
201143,400026,行业属于,行业属于
201927,400026,行业属于,行业属于
201944,400026,行业属于,行业属于
202065,400026,行业属于,行业属于
202369,400026,行业属于,行业属于
200906,400026,行业属于,行业属于
202866,400026,行业属于,行业属于
202138,400026,行业属于,行业属于
202517,400026,行业属于,行业属于
202664,400026,行业属于,行业属于
202921,400026,行业属于,行业属于
201656,400026,行业属于,行业属于
202536,400026,行业属于,行业属于
200424,400026,行业属于,行业属于
201096,400026,行业属于,行业属于
203505,400026,行业属于,行业属于
200823,400026,行业属于,行业属于
201348,400026,行业属于,行业属于
203528,400026,行业属于,行业属于
203090,400026,行业属于,行业属于
202294,400026,行业属于,行业属于
201323,400026,行业属于,行业属于
202339,400026,行业属于,行业属于
201769,400026,行业属于,行业属于
200485,400026,行业属于,行业属于
201314,400026,行业属于,行业属于
202040,400026,行业属于,行业属于
200423,400026,行业属于,行业属于
201399,400026,行业属于,行业属于
202024,400026,行业属于,行业属于
201439,400026,行业属于,行业属于
201299,400026,行业属于,行业属于
202454,400026,行业属于,行业属于
200091,400026,行业属于,行业属于
201763,400026,行业属于,行业属于
201270,400026,行业属于,行业属于
202265,400026,行业属于,行业属于
200493,400026,行业属于,行业属于
201258,400026,行业属于,行业属于
201531,400026,行业属于,行业属于
200360,400026,行业属于,行业属于
202789,400026,行业属于,行业属于
200138,400026,行业属于,行业属于
202467,400026,行业属于,行业属于
201232,400026,行业属于,行业属于
203377,400026,行业属于,行业属于
201189,400027,行业属于,行业属于
200741,400027,行业属于,行业属于
200783,400027,行业属于,行业属于
200267,400027,行业属于,行业属于
200402,400027,行业属于,行业属于
201367,400027,行业属于,行业属于
200141,400027,行业属于,行业属于
200555,400027,行业属于,行业属于
200225,400027,行业属于,行业属于
202652,400027,行业属于,行业属于
202039,400027,行业属于,行业属于
201247,400027,行业属于,行业属于
200574,400027,行业属于,行业属于
201373,400027,行业属于,行业属于
201812,400027,行业属于,行业属于
200131,400027,行业属于,行业属于
200075,400027,行业属于,行业属于
200553,400027,行业属于,行业属于
201209,400027,行业属于,行业属于
200982,400027,行业属于,行业属于
201208,400027,行业属于,行业属于
200210,400027,行业属于,行业属于
200773,400027,行业属于,行业属于
201806,400027,行业属于,行业属于
200707,400027,行业属于,行业属于
200254,400027,行业属于,行业属于
200073,400027,行业属于,行业属于
201889,400028,行业属于,行业属于
201516,400028,行业属于,行业属于
201448,400028,行业属于,行业属于
200064,400028,行业属于,行业属于
203060,400028,行业属于,行业属于
202377,400028,行业属于,行业属于
200355,400028,行业属于,行业属于
200426,400028,行业属于,行业属于
201949,400028,行业属于,行业属于
201131,400028,行业属于,行业属于
201687,400028,行业属于,行业属于
200200,400028,行业属于,行业属于
200113,400028,行业属于,行业属于
200227,400028,行业属于,行业属于
200983,400028,行业属于,行业属于
202019,400028,行业属于,行业属于
201514,400028,行业属于,行业属于
200744,400028,行业属于,行业属于
203393,400028,行业属于,行业属于
201576,400028,行业属于,行业属于
203022,400028,行业属于,行业属于
202092,400028,行业属于,行业属于
200189,400028,行业属于,行业属于
202312,400028,行业属于,行业属于
202666,400028,行业属于,行业属于
202233,400028,行业属于,行业属于
202749,400028,行业属于,行业属于
202741,400028,行业属于,行业属于
201861,400028,行业属于,行业属于
203070,400028,行业属于,行业属于
203149,400028,行业属于,行业属于
200143,400028,行业属于,行业属于
202125,400028,行业属于,行业属于
200070,400029,行业属于,行业属于
201885,400029,行业属于,行业属于
200908,400029,行业属于,行业属于
200561,400029,行业属于,行业属于
201787,400029,行业属于,行业属于
203191,400029,行业属于,行业属于
202747,400029,行业属于,行业属于
203008,400029,行业属于,行业属于
202930,400029,行业属于,行业属于
200909,400029,行业属于,行业属于
202027,400029,行业属于,行业属于
200115,400029,行业属于,行业属于
203280,400029,行业属于,行业属于
201728,400029,行业属于,行业属于
202961,400029,行业属于,行业属于
201902,400029,行业属于,行业属于
201060,400029,行业属于,行业属于
200124,400029,行业属于,行业属于
202848,400029,行业属于,行业属于
203117,400029,行业属于,行业属于
201643,400029,行业属于,行业属于
200619,400029,行业属于,行业属于
202951,400029,行业属于,行业属于
200167,400029,行业属于,行业属于
200918,400029,行业属于,行业属于
201222,400029,行业属于,行业属于
202363,400029,行业属于,行业属于
200094,400029,行业属于,行业属于
200527,400029,行业属于,行业属于
200799,400029,行业属于,行业属于
200531,400029,行业属于,行业属于
200551,400029,行业属于,行业属于
202451,400029,行业属于,行业属于
200215,400029,行业属于,行业属于
202243,400029,行业属于,行业属于
203361,400029,行业属于,行业属于
200032,400029,行业属于,行业属于
202593,400029,行业属于,行业属于
201691,400029,行业属于,行业属于
200398,400029,行业属于,行业属于
203423,400029,行业属于,行业属于
203435,400029,行业属于,行业属于
200488,400029,行业属于,行业属于
202996,400029,行业属于,行业属于
202263,400029,行业属于,行业属于
203112,400029,行业属于,行业属于
203088,400029,行业属于,行业属于
203305,400029,行业属于,行业属于
200249,400029,行业属于,行业属于
202868,400029,行业属于,行业属于
202860,400029,行业属于,行业属于
202240,400029,行业属于,行业属于
200677,400030,行业属于,行业属于
201842,400030,行业属于,行业属于
201419,400030,行业属于,行业属于
202212,400030,行业属于,行业属于
200636,400030,行业属于,行业属于
202687,400030,行业属于,行业属于
202114,400030,行业属于,行业属于
200705,400030,行业属于,行业属于
203066,400030,行业属于,行业属于
202587,400030,行业属于,行业属于
202055,400030,行业属于,行业属于
202904,400030,行业属于,行业属于
201080,400030,行业属于,行业属于
201406,400030,行业属于,行业属于
203436,400030,行业属于,行业属于
200119,400030,行业属于,行业属于
200069,400030,行业属于,行业属于
201570,400030,行业属于,行业属于
203372,400030,行业属于,行业属于
203109,400030,行业属于,行业属于
200086,400030,行业属于,行业属于
200894,400030,行业属于,行业属于
201832,400030,行业属于,行业属于
201272,400030,行业属于,行业属于
201050,400030,行业属于,行业属于
202389,400030,行业属于,行业属于
200017,400030,行业属于,行业属于
201536,400030,行业属于,行业属于
201269,400030,行业属于,行业属于
200577,400030,行业属于,行业属于
200277,400030,行业属于,行业属于
201250,400030,行业属于,行业属于
203291,400030,行业属于,行业属于
203369,400030,行业属于,行业属于
202849,400030,行业属于,行业属于
201244,400030,行业属于,行业属于
200843,400030,行业属于,行业属于
201546,400030,行业属于,行业属于
201239,400030,行业属于,行业属于
201237,400030,行业属于,行业属于
200005,400030,行业属于,行业属于
200457,400030,行业属于,行业属于
200735,400030,行业属于,行业属于
203098,400030,行业属于,行业属于
200165,400030,行业属于,行业属于
201025,400030,行业属于,行业属于
202680,400030,行业属于,行业属于
201390,400030,行业属于,行业属于
200260,400030,行业属于,行业属于
200356,400030,行业属于,行业属于
203298,400030,行业属于,行业属于
203138,400030,行业属于,行业属于
203309,400030,行业属于,行业属于
202902,400030,行业属于,行业属于
201718,400030,行业属于,行业属于
201407,400030,行业属于,行业属于
201933,400030,行业属于,行业属于
202608,400030,行业属于,行业属于
201577,400031,行业属于,行业属于
202386,400031,行业属于,行业属于
200096,400031,行业属于,行业属于
201848,400031,行业属于,行业属于
201499,400031,行业属于,行业属于
202981,400031,行业属于,行业属于
201474,400031,行业属于,行业属于
202139,400031,行业属于,行业属于
201770,400031,行业属于,行业属于
200990,400031,行业属于,行业属于
202539,400031,行业属于,行业属于
201916,400031,行业属于,行业属于
200806,400031,行业属于,行业属于
202071,400031,行业属于,行业属于
201700,400031,行业属于,行业属于
200827,400031,行业属于,行业属于
202332,400031,行业属于,行业属于
201509,400031,行业属于,行业属于
201335,400031,行业属于,行业属于
202731,400031,行业属于,行业属于
202292,400031,行业属于,行业属于
203523,400031,行业属于,行业属于
202599,400031,行业属于,行业属于
202573,400031,行业属于,行业属于
200456,400031,行业属于,行业属于
200118,400031,行业属于,行业属于
202756,400031,行业属于,行业属于
201698,400031,行业属于,行业属于
201734,400031,行业属于,行业属于
202663,400031,行业属于,行业属于
201825,400031,行业属于,行业属于
201233,400031,行业属于,行业属于
201719,400031,行业属于,行业属于
200859,400031,行业属于,行业属于
203118,400031,行业属于,行业属于
202521,400031,行业属于,行业属于
203229,400031,行业属于,行业属于
203276,400031,行业属于,行业属于
203058,400031,行业属于,行业属于
202733,400031,行业属于,行业属于
201749,400032,行业属于,行业属于
200130,400032,行业属于,行业属于
201526,400032,行业属于,行业属于
201014,400032,行业属于,行业属于
200279,400032,行业属于,行业属于
202379,400032,行业属于,行业属于
200438,400032,行业属于,行业属于
200711,400032,行业属于,行业属于
200686,400032,行业属于,行业属于
200153,400032,行业属于,行业属于
201033,400032,行业属于,行业属于
201641,400032,行业属于,行业属于
201159,400032,行业属于,行业属于
202062,400032,行业属于,行业属于
202203,400032,行业属于,行业属于
200285,400032,行业属于,行业属于
202853,400032,行业属于,行业属于
200339,400032,行业属于,行业属于
200790,400032,行业属于,行业属于
200750,400032,行业属于,行业属于
201938,400032,行业属于,行业属于
200314,400032,行业属于,行业属于
200635,400032,行业属于,行业属于
202412,400032,行业属于,行业属于
202443,400032,行业属于,行业属于
201139,400032,行业属于,行业属于
202403,400032,行业属于,行业属于
201029,400032,行业属于,行业属于
203034,400032,行业属于,行业属于
202503,400032,行业属于,行业属于
200818,400032,行业属于,行业属于
201102,400032,行业属于,行业属于
203268,400032,行业属于,行业属于
201094,400032,行业属于,行业属于
200913,400032,行业属于,行业属于
202433,400032,行业属于,行业属于
201613,400032,行业属于,行业属于
203297,400032,行业属于,行业属于
203020,400032,行业属于,行业属于
201840,400032,行业属于,行业属于
202728,400032,行业属于,行业属于
201459,400032,行业属于,行业属于
200359,400032,行业属于,行业属于
201343,400032,行业属于,行业属于
200029,400032,行业属于,行业属于
201330,400032,行业属于,行业属于
200775,400032,行业属于,行业属于
200204,400032,行业属于,行业属于
201965,400032,行业属于,行业属于
200922,400032,行业属于,行业属于
200233,400032,行业属于,行业属于
200513,400032,行业属于,行业属于
200095,400032,行业属于,行业属于
203447,400032,行业属于,行业属于
201725,400032,行业属于,行业属于
202667,400032,行业属于,行业属于
202238,400032,行业属于,行业属于
201541,400032,行业属于,行业属于
200479,400032,行业属于,行业属于
200633,400032,行业属于,行业属于
201649,400032,行业属于,行业属于
202313,400032,行业属于,行业属于
200792,400032,行业属于,行业属于
201964,400032,行业属于,行业属于
203107,400032,行业属于,行业属于
200722,400032,行业属于,行业属于
202471,400032,行业属于,行业属于
202333,400032,行业属于,行业属于
200725,400032,行业属于,行业属于
200911,400032,行业属于,行业属于
202477,400032,行业属于,行业属于
202830,400032,行业属于,行业属于
200926,400032,行业属于,行业属于
202653,400032,行业属于,行业属于
201871,400032,行业属于,行业属于
200642,400032,行业属于,行业属于
201906,400032,行业属于,行业属于
201281,400032,行业属于,行业属于
201280,400032,行业属于,行业属于
202861,400032,行业属于,行业属于
203092,400032,行业属于,行业属于
200062,400032,行业属于,行业属于
201013,400032,行业属于,行业属于
200549,400032,行业属于,行业属于
202261,400032,行业属于,行业属于
200838,400032,行业属于,行业属于
200559,400032,行业属于,行业属于
202624,400032,行业属于,行业属于
202760,400032,行业属于,行业属于
203002,400032,行业属于,行业属于
200412,400032,行业属于,行业属于
202937,400032,行业属于,行业属于
201267,400032,行业属于,行业属于
203414,400032,行业属于,行业属于
201266,400032,行业属于,行业属于
201793,400032,行业属于,行业属于
201454,400032,行业属于,行业属于
201261,400032,行业属于,行业属于
200301,400032,行业属于,行业属于
203286,400032,行业属于,行业属于
202938,400032,行业属于,行业属于
201708,400032,行业属于,行业属于
203339,400032,行业属于,行业属于
202757,400032,行业属于,行业属于
202836,400032,行业属于,行业属于
203373,400032,行业属于,行业属于
200377,400032,行业属于,行业属于
202979,400032,行业属于,行业属于
203018,400032,行业属于,行业属于
202383,400032,行业属于,行业属于
200090,400032,行业属于,行业属于
202682,400032,行业属于,行业属于
200917,400032,行业属于,行业属于
201386,400032,行业属于,行业属于
203287,400032,行业属于,行业属于
202320,400032,行业属于,行业属于
200546,400032,行业属于,行业属于
200256,400032,行业属于,行业属于
203366,400032,行业属于,行业属于
201923,400032,行业属于,行业属于
202966,400032,行业属于,行业属于
201217,400032,行业属于,行业属于
202188,400032,行业属于,行业属于
202958,400032,行业属于,行业属于
202963,400032,行业属于,行业属于
200441,400032,行业属于,行业属于
201646,400032,行业属于,行业属于
203356,400032,行业属于,行业属于
201216,400032,行业属于,行业属于
201773,400032,行业属于,行业属于
203184,400032,行业属于,行业属于
203363,400032,行业属于,行业属于
200211,400032,行业属于,行业属于
203172,400032,行业属于,行业属于
203350,400032,行业属于,行业属于
202973,400032,行业属于,行业属于
203085,400032,行业属于,行业属于
202091,400032,行业属于,行业属于
202975,400032,行业属于,行业属于
200523,400032,行业属于,行业属于
202387,400032,行业属于,行业属于
203230,400032,行业属于,行业属于
203421,400032,行业属于,行业属于
201202,400032,行业属于,行业属于
202022,400032,行业属于,行业属于
203347,400032,行业属于,行业属于
201396,400032,行业属于,行业属于
201490,400032,行业属于,行业属于
200480,400032,行业属于,行业属于
202891,400032,行业属于,行业属于
203315,400033,行业属于,行业属于
201183,400033,行业属于,行业属于
203169,400033,行业属于,行业属于
202245,400033,行业属于,行业属于
201181,400033,行业属于,行业属于
200570,400033,行业属于,行业属于
200968,400033,行业属于,行业属于
201985,400033,行业属于,行业属于
202519,400033,行业属于,行业属于
200440,400033,行业属于,行业属于
200821,400033,行业属于,行业属于
200781,400033,行业属于,行业属于
202170,400033,行业属于,行业属于
201171,400033,行业属于,行业属于
201487,400033,行业属于,行业属于
201822,400033,行业属于,行业属于
200828,400033,行业属于,行业属于
201164,400033,行业属于,行业属于
202201,400033,行业属于,行业属于
202738,400033,行业属于,行业属于
201731,400033,行业属于,行业属于
201956,400033,行业属于,行业属于
202056,400033,行业属于,行业属于
202695,400033,行业属于,行业属于
203067,400033,行业属于,行业属于
202316,400033,行业属于,行业属于
202547,400033,行业属于,行业属于
203392,400033,行业属于,行业属于
200599,400033,行业属于,行业属于
202882,400033,行业属于,行业属于
201134,400033,行业属于,行业属于
201948,400033,行业属于,行业属于
201953,400033,行业属于,行业属于
203236,400033,行业属于,行业属于
202618,400033,行业属于,行业属于
202361,400033,行业属于,行业属于
203181,400033,行业属于,行业属于
201395,400033,行业属于,行业属于
201129,400033,行业属于,行业属于
201753,400033,行业属于,行业属于
202127,400033,行业属于,行业属于
201554,400033,行业属于,行业属于
201722,400033,行业属于,行业属于
200434,400033,行业属于,行业属于
202338,400033,行业属于,行业属于
200896,400033,行业属于,行业属于
201120,400033,行业属于,行业属于
201118,400033,行业属于,行业属于
200621,400033,行业属于,行业属于
201116,400033,行业属于,行业属于
201114,400033,行业属于,行业属于
201113,400033,行业属于,行业属于
201478,400033,行业属于,行业属于
202609,400033,行业属于,行业属于
202649,400033,行业属于,行业属于
200923,400033,行业属于,行业属于
202487,400033,行业属于,行业属于
202239,400033,行业属于,行业属于
202773,400033,行业属于,行业属于
203113,400033,行业属于,行业属于
200578,400033,行业属于,行业属于
203012,400033,行业属于,行业属于
200050,400033,行业属于,行业属于
201817,400033,行业属于,行业属于
202390,400033,行业属于,行业属于
201041,400033,行业属于,行业属于
201655,400033,行业属于,行业属于
201358,400033,行业属于,行业属于
200988,400033,行业属于,行业属于
201602,400033,行业属于,行业属于
201357,400033,行业属于,行业属于
200946,400033,行业属于,行业属于
201356,400033,行业属于,行业属于
201671,400033,行业属于,行业属于
200276,400033,行业属于,行业属于
201354,400033,行业属于,行业属于
201824,400033,行业属于,行业属于
202131,400033,行业属于,行业属于
200612,400033,行业属于,行业属于
200842,400033,行业属于,行业属于
202840,400033,行业属于,行业属于
202280,400033,行业属于,行业属于
201345,400033,行业属于,行业属于
201682,400033,行业属于,行业属于
203094,400033,行业属于,行业属于
201344,400033,行业属于,行业属于
202766,400033,行业属于,行业属于
200503,400033,行业属于,行业属于
200690,400033,行业属于,行业属于
202041,400033,行业属于,行业属于
201334,400033,行业属于,行业属于
201332,400033,行业属于,行业属于
201455,400033,行业属于,行业属于
202614,400033,行业属于,行业属于
201886,400033,行业属于,行业属于
200770,400033,行业属于,行业属于
200229,400033,行业属于,行业属于
202665,400033,行业属于,行业属于
203115,400033,行业属于,行业属于
201549,400033,行业属于,行业属于
203077,400033,行业属于,行业属于
200717,400033,行业属于,行业属于
202792,400033,行业属于,行业属于
201315,400033,行业属于,行业属于
202028,400033,行业属于,行业属于
201312,400033,行业属于,行业属于
201707,400033,行业属于,行业属于
200583,400033,行业属于,行业属于
203158,400033,行业属于,行业属于
202510,400033,行业属于,行业属于
202026,400033,行业属于,行业属于
200932,400033,行业属于,行业属于
202876,400033,行业属于,行业属于
202297,400033,行业属于,行业属于
203349,400033,行业属于,行业属于
200243,400033,行业属于,行业属于
201978,400033,行业属于,行业属于
203096,400033,行业属于,行业属于
202324,400033,行业属于,行业属于
201883,400033,行业属于,行业属于
200752,400033,行业属于,行业属于
200648,400033,行业属于,行业属于
200641,400034,行业属于,行业属于
200887,400034,行业属于,行业属于
201447,400034,行业属于,行业属于
202115,400034,行业属于,行业属于
201588,400034,行业属于,行业属于
202254,400034,行业属于,行业属于
202438,400034,行业属于,行业属于
201803,400034,行业属于,行业属于
202157,400034,行业属于,行业属于
201122,400034,行业属于,行业属于
201431,400034,行业属于,行业属于
200974,400034,行业属于,行业属于
201484,400034,行业属于,行业属于
201834,400034,行业属于,行业属于
202109,400034,行业属于,行业属于
201412,400034,行业属于,行业属于
202117,400034,行业属于,行业属于
201475,400034,行业属于,行业属于
201797,400034,行业属于,行业属于
201498,400034,行业属于,行业属于
201091,400034,行业属于,行业属于
201635,400034,行业属于,行业属于
201451,400034,行业属于,行业属于
200630,400034,行业属于,行业属于
201647,400034,行业属于,行业属于
201089,400034,行业属于,行业属于
202171,400034,行业属于,行业属于
202577,400034,行业属于,行业属于
201019,400034,行业属于,行业属于
201542,400034,行业属于,行业属于
201931,400034,行业属于,行业属于
201084,400034,行业属于,行业属于
201887,400034,行业属于,行业属于
200764,400034,行业属于,行业属于
201841,400034,行业属于,行业属于
201775,400034,行业属于,行业属于
201493,400034,行业属于,行业属于
202535,400034,行业属于,行业属于
203515,400034,行业属于,行业属于
201341,400034,行业属于,行业属于
202069,400034,行业属于,行业属于
202671,400034,行业属于,行业属于
202119,400034,行业属于,行业属于
201561,400034,行业属于,行业属于
202108,400034,行业属于,行业属于
201844,400034,行业属于,行业属于
202009,400034,行业属于,行业属于
202418,400034,行业属于,行业属于
202786,400034,行业属于,行业属于
201828,400034,行业属于,行业属于
200129,400035,行业属于,行业属于
201744,400035,行业属于,行业属于
202434,400035,行业属于,行业属于
201502,400035,行业属于,行业属于
203104,400035,行业属于,行业属于
203265,400035,行业属于,行业属于
201980,400035,行业属于,行业属于
202710,400035,行业属于,行业属于
203208,400035,行业属于,行业属于
202054,400035,行业属于,行业属于
200801,400035,行业属于,行业属于
200978,400035,行业属于,行业属于
201058,400035,行业属于,行业属于
203031,400035,行业属于,行业属于
200295,400035,行业属于,行业属于
200147,400035,行业属于,行业属于
203426,400035,行业属于,行业属于
203114,400035,行业属于,行业属于
203408,400035,行业属于,行业属于
203433,400035,行业属于,行业属于
203300,400035,行业属于,行业属于
202615,400035,行业属于,行业属于
201866,400035,行业属于,行业属于
202143,400035,行业属于,行业属于
200315,400035,行业属于,行业属于
202198,400035,行业属于,行业属于
200939,400035,行业属于,行业属于
202314,400035,行业属于,行业属于
201230,400035,行业属于,行业属于
201672,400035,行业属于,行业属于
201443,400035,行业属于,行业属于
201470,400035,行业属于,行业属于
201229,400035,行业属于,行业属于
203303,400035,行业属于,行业属于
203391,400035,行业属于,行业属于
203468,400035,行业属于,行业属于
201620,400035,行业属于,行业属于
203091,400035,行业属于,行业属于
203057,400035,行业属于,行业属于
202931,400035,行业属于,行业属于
201746,400035,行业属于,行业属于
203400,400035,行业属于,行业属于
201534,400035,行业属于,行业属于
203185,400035,行业属于,行业属于
202005,400035,行业属于,行业属于
200008,400035,行业属于,行业属于
202524,400035,行业属于,行业属于
201521,400035,行业属于,行业属于
202088,400035,行业属于,行业属于
201741,400035,行业属于,行业属于
202287,400035,行业属于,行业属于
201968,400035,行业属于,行业属于
201983,400035,行业属于,行业属于
201745,400036,行业属于,行业属于
200653,400036,行业属于,行业属于
201805,400036,行业属于,行业属于
200589,400036,行业属于,行业属于
200476,400036,行业属于,行业属于
201595,400036,行业属于,行业属于
202506,400036,行业属于,行业属于
201937,400036,行业属于,行业属于
201926,400036,行业属于,行业属于
200689,400036,行业属于,行业属于
202421,400037,行业属于,行业属于
202570,400037,行业属于,行业属于
202752,400037,行业属于,行业属于
200198,400037,行业属于,行业属于
202987,400037,行业属于,行业属于
202444,400037,行业属于,行业属于
200995,400037,行业属于,行业属于
202007,400037,行业属于,行业属于
203487,400037,行业属于,行业属于
200802,400037,行业属于,行业属于
203259,400037,行业属于,行业属于
200543,400037,行业属于,行业属于
202283,400037,行业属于,行业属于
203029,400037,行业属于,行业属于
202820,400037,行业属于,行业属于
200811,400037,行业属于,行业属于
202878,400037,行业属于,行业属于
201141,400037,行业属于,行业属于
203145,400037,行业属于,行业属于
202295,400037,行业属于,行业属于
202925,400037,行业属于,行业属于
203502,400037,行业属于,行业属于
200482,400037,行业属于,行业属于
203035,400037,行业属于,行业属于
201418,400037,行业属于,行业属于
202174,400037,行业属于,行业属于
202234,400037,行业属于,行业属于
200011,400037,行业属于,行业属于
202086,400037,行业属于,行业属于
202128,400037,行业属于,行业属于
202683,400037,行业属于,行业属于
203532,400037,行业属于,行业属于
202696,400037,行业属于,行业属于
202613,400037,行业属于,行业属于
203180,400037,行业属于,行业属于
203318,400037,行业属于,行业属于
201109,400037,行业属于,行业属于
202578,400037,行业属于,行业属于
203289,400037,行业属于,行业属于
202409,400037,行业属于,行业属于
202145,400037,行业属于,行业属于
200149,400037,行业属于,行业属于
201100,400037,行业属于,行业属于
202629,400037,行业属于,行业属于
201808,400037,行业属于,行业属于
200597,400037,行业属于,行业属于
203348,400037,行业属于,行业属于
201061,400037,行业属于,行业属于
201073,400037,行业属于,行业属于
201359,400037,行业属于,行业属于
200904,400037,行业属于,行业属于
201892,400037,行业属于,行业属于
203275,400037,行业属于,行业属于
203037,400037,行业属于,行业属于
202838,400037,行业属于,行业属于
202077,400037,行业属于,行业属于
201580,400037,行业属于,行业属于
202398,400037,行业属于,行业属于
203441,400037,行业属于,行业属于
200288,400037,行业属于,行业属于
200594,400037,行业属于,行业属于
203011,400037,行业属于,行业属于
201322,400037,行业属于,行业属于
202135,400037,行业属于,行业属于
201711,400037,行业属于,行业属于
202941,400037,行业属于,行业属于
202869,400037,行业属于,行业属于
202758,400037,行业属于,行业属于
202237,400037,行业属于,行业属于
202976,400037,行业属于,行业属于
203375,400037,行业属于,行业属于
202399,400037,行业属于,行业属于
200856,400037,行业属于,行业属于
202960,400037,行业属于,行业属于
200366,400037,行业属于,行业属于
200933,400037,行业属于,行业属于
202719,400037,行业属于,行业属于
202525,400037,行业属于,行业属于
201295,400037,行业属于,行业属于
200257,400037,行业属于,行业属于
202248,400037,行业属于,行业属于
201706,400037,行业属于,行业属于
203144,400037,行业属于,行业属于
200749,400037,行业属于,行业属于
203016,400037,行业属于,行业属于
201288,400037,行业属于,行业属于
200057,400037,行业属于,行业属于
200054,400037,行业属于,行业属于
202495,400037,行业属于,行业属于
201813,400037,行业属于,行业属于
201893,400037,行业属于,行业属于
202873,400037,行业属于,行业属于
203059,400037,行业属于,行业属于
202414,400037,行业属于,行业属于
202534,400037,行业属于,行业属于
203501,400037,行业属于,行业属于
203143,400037,行业属于,行业属于
201016,400037,行业属于,行业属于
201704,400037,行业属于,行业属于
202835,400037,行业属于,行业属于
203220,400037,行业属于,行业属于
202824,400037,行业属于,行业属于
203219,400037,行业属于,行业属于
202627,400037,行业属于,行业属于
201768,400037,行业属于,行业属于
200591,400037,行业属于,行业属于
203401,400037,行业属于,行业属于
203039,400037,行业属于,行业属于
201392,400037,行业属于,行业属于
200665,400037,行业属于,行业属于
201583,400037,行业属于,行业属于
203024,400037,行业属于,行业属于
202504,400037,行业属于,行业属于
203120,400037,行业属于,行业属于
201268,400037,行业属于,行业属于
202800,400037,行业属于,行业属于
203399,400037,行业属于,行业属于
201615,400037,行业属于,行业属于
203284,400037,行业属于,行业属于
202488,400037,行业属于,行业属于
202678,400037,行业属于,行业属于
202826,400037,行业属于,行业属于
203365,400037,行业属于,行业属于
200676,400037,行业属于,行业属于
200536,400037,行业属于,行业属于
202583,400037,行业属于,行业属于
202452,400037,行业属于,行业属于
202147,400037,行业属于,行业属于
202589,400037,行业属于,行业属于
203021,400037,行业属于,行业属于
202032,400037,行业属于,行业属于
200670,400037,行业属于,行业属于
202885,400037,行业属于,行业属于
200232,400037,行业属于,行业属于
201904,400037,行业属于,行业属于
202726,400037,行业属于,行业属于
201394,400037,行业属于,行业属于
201879,400037,行业属于,行业属于
203301,400037,行业属于,行业属于
201913,400037,行业属于,行业属于
202516,400037,行业属于,行业属于
202881,400037,行业属于,行业属于
202422,400037,行业属于,行业属于
200392,400037,行业属于,行业属于
201219,400037,行业属于,行业属于
202323,400037,行业属于,行业属于
203231,400037,行业属于,行业属于
201218,400037,行业属于,行业属于
202635,400037,行业属于,行业属于
203352,400037,行业属于,行业属于
203213,400037,行业属于,行业属于
200692,400037,行业属于,行业属于
202537,400037,行业属于,行业属于
202767,400037,行业属于,行业属于
202716,400037,行业属于,行业属于
202134,400037,行业属于,行业属于
202721,400037,行业属于,行业属于
203196,400037,行业属于,行业属于
202753,400037,行业属于,行业属于
203153,400037,行业属于,行业属于
201771,400037,行业属于,行业属于
201558,400037,行业属于,行业属于
203269,400037,行业属于,行业属于
202540,400037,行业属于,行业属于
201800,400037,行业属于,行业属于
202268,400037,行业属于,行业属于
202255,400037,行业属于,行业属于
200593,400037,行业属于,行业属于
203075,400037,行业属于,行业属于
202406,400037,行业属于,行业属于
202827,400037,行业属于,行业属于
201784,400037,行业属于,行业属于
200016,400037,行业属于,行业属于
202863,400037,行业属于,行业属于
202541,400037,行业属于,行业属于
200220,400037,行业属于,行业属于
203254,400037,行业属于,行业属于
202527,400037,行业属于,行业属于
203522,400037,行业属于,行业属于
203142,400037,行业属于,行业属于
201552,400037,行业属于,行业属于
203342,400037,行业属于,行业属于
202326,400037,行业属于,行业属于
200318,400037,行业属于,行业属于
202344,400037,行业属于,行业属于
201669,400037,行业属于,行业属于
201939,400037,行业属于,行业属于
201363,400037,行业属于,行业属于
203525,400037,行业属于,行业属于
200898,400037,行业属于,行业属于
203264,400037,行业属于,行业属于
200747,400037,行业属于,行业属于
200492,400037,行业属于,行业属于
203001,400037,行业属于,行业属于
203215,400037,行业属于,行业属于
200307,400037,行业属于,行业属于
201486,400037,行业属于,行业属于
203136,400037,行业属于,行业属于
202515,400037,行业属于,行业属于
202191,400037,行业属于,行业属于
201766,400037,行业属于,行业属于
201999,400037,行业属于,行业属于
203416,400037,行业属于,行业属于
203410,400037,行业属于,行业属于
203398,400037,行业属于,行业属于
202208,400037,行业属于,行业属于
202355,400037,行业属于,行业属于
200491,400037,行业属于,行业属于
203446,400037,行业属于,行业属于
202811,400037,行业属于,行业属于
202043,400037,行业属于,行业属于
203131,400037,行业属于,行业属于
203247,400037,行业属于,行业属于
203207,400037,行业属于,行业属于
203323,400037,行业属于,行业属于
201203,400037,行业属于,行业属于
202804,400037,行业属于,行业属于
203255,400037,行业属于,行业属于
203106,400037,行业属于,行业属于
201821,400037,行业属于,行业属于
202780,400037,行业属于,行业属于
203341,400037,行业属于,行业属于
201979,400037,行业属于,行业属于
201369,400037,行业属于,行业属于
203050,400037,行业属于,行业属于
202579,400037,行业属于,行业属于
202639,400037,行业属于,行业属于
201905,400037,行业属于,行业属于
203170,400037,行业属于,行业属于
203346,400037,行业属于,行业属于
202348,400037,行业属于,行业属于
203491,400037,行业属于,行业属于
201963,400037,行业属于,行业属于
200018,400037,行业属于,行业属于
201405,400037,行业属于,行业属于
200154,400037,行业属于,行业属于
201441,400037,行业属于,行业属于
202637,400037,行业属于,行业属于
202858,400037,行业属于,行业属于
202455,400037,行业属于,行业属于
202602,400037,行业属于,行业属于
201714,400037,行业属于,行业属于
202984,400037,行业属于,行业属于
201877,400037,行业属于,行业属于
201180,400038,行业属于,行业属于
202723,400038,行业属于,行业属于
200271,400038,行业属于,行业属于
201170,400038,行业属于,行业属于
201751,400038,行业属于,行业属于
201022,400038,行业属于,行业属于
201616,400038,行业属于,行业属于
202093,400038,行业属于,行业属于
200889,400038,行业属于,行业属于
201862,400038,行业属于,行业属于
200216,400038,行业属于,行业属于
203353,400038,行业属于,行业属于
200712,400038,行业属于,行业属于
200746,400038,行业属于,行业属于
200899,400038,行业属于,行业属于
200958,400038,行业属于,行业属于
200310,400038,行业属于,行业属于
200195,400038,行业属于,行业属于
200449,400038,行业属于,行业属于
201788,400038,行业属于,行业属于
200369,400038,行业属于,行业属于
203033,400038,行业属于,行业属于
201294,400038,行业属于,行业属于
201287,400038,行业属于,行业属于
201278,400038,行业属于,行业属于
201601,400038,行业属于,行业属于
202630,400038,行业属于,行业属于
202886,400038,行业属于,行业属于
201388,400038,行业属于,行业属于
203314,400038,行业属于,行业属于
200948,400038,行业属于,行业属于
201685,400038,行业属于,行业属于
201256,400038,行业属于,行业属于
200152,400038,行业属于,行业属于
201804,400038,行业属于,行业属于
201253,400038,行业属于,行业属于
202847,400038,行业属于,行业属于
201852,400038,行业属于,行业属于
201248,400038,行业属于,行业属于
200830,400038,行业属于,行业属于
202074,400038,行业属于,行业属于
202206,400038,行业属于,行业属于
202691,400038,行业属于,行业属于
201240,400038,行业属于,行业属于
200304,400038,行业属于,行业属于
202986,400038,行业属于,行业属于
200808,400038,行业属于,行业属于
201849,400038,行业属于,行业属于
202084,400038,行业属于,行业属于
201524,400039,行业属于,行业属于
200745,400039,行业属于,行业属于
202619,400039,行业属于,行业属于
200188,400039,行业属于,行业属于
201747,400039,行业属于,行业属于
202821,400039,行业属于,行业属于
202367,400039,行业属于,行业属于
200637,400039,行业属于,行业属于
201658,400039,行业属于,行业属于
201147,400039,行业属于,行业属于
200885,400039,行业属于,行业属于
201814,400039,行业属于,行业属于
203533,400039,行业属于,行业属于
203233,400039,行业属于,行业属于
202087,400039,行业属于,行业属于
201582,400039,行业属于,行业属于
200157,400039,行业属于,行业属于
203321,400039,行业属于,行业属于
200532,400039,行业属于,行业属于
203013,400039,行业属于,行业属于
200623,400039,行业属于,行业属于
200584,400039,行业属于,行业属于
202482,400039,行业属于,行业属于
200287,400039,行业属于,行业属于
201998,400039,行业属于,行业属于
200446,400039,行业属于,行业属于
202634,400039,行业属于,行业属于
200772,400039,行业属于,行业属于
200779,400039,行业属于,行业属于
202913,400039,行业属于,行业属于
200451,400039,行业属于,行业属于
203270,400039,行业属于,行业属于
202759,400039,行业属于,行业属于
202029,400039,行业属于,行业属于
200477,400039,行业属于,行业属于
200311,400039,行业属于,行业属于
202596,400039,行业属于,行业属于
200500,400039,行业属于,行业属于
203336,400039,行业属于,行业属于
202859,400039,行业属于,行业属于
202373,400039,行业属于,行业属于
200370,400039,行业属于,行业属于
203221,400039,行业属于,行业属于
203396,400039,行业属于,行业属于
200004,400039,行业属于,行业属于
200751,400039,行业属于,行业属于
200768,400039,行业属于,行业属于
203227,400039,行业属于,行业属于
202445,400039,行业属于,行业属于
202051,400039,行业属于,行业属于
201859,400039,行业属于,行业属于
201298,400039,行业属于,行业属于
202765,400039,行业属于,行业属于
200839,400039,行业属于,行业属于
200373,400039,行业属于,行业属于
202999,400039,行业属于,行业属于
200028,400039,行业属于,行业属于
200305,400039,行业属于,行业属于
202911,400039,行业属于,行业属于
200582,400039,行业属于,行业属于
201290,400039,行业属于,行业属于
202974,400039,行业属于,行业属于
201675,400039,行业属于,行业属于
201610,400039,行业属于,行业属于
201565,400039,行业属于,行业属于
202291,400039,行业属于,行业属于
200067,400039,行业属于,行业属于
201906,400039,行业属于,行业属于
202497,400039,行业属于,行业属于
200825,400039,行业属于,行业属于
202500,400039,行业属于,行业属于
203281,400039,行业属于,行业属于
200046,400039,行业属于,行业属于
203099,400039,行业属于,行业属于
203472,400039,行业属于,行业属于
201000,400039,行业属于,行业属于
200060,400039,行业属于,行业属于
200421,400039,行业属于,行业属于
202003,400039,行业属于,行业属于
201264,400039,行业属于,行业属于
200337,400039,行业属于,行业属于
203009,400039,行业属于,行业属于
200937,400039,行业属于,行业属于
203044,400039,行业属于,行业属于
202277,400039,行业属于,行业属于
200919,400039,行业属于,行业属于
202769,400039,行业属于,行业属于
201251,400039,行业属于,行业属于
200350,400039,行业属于,行业属于
202948,400039,行业属于,行业属于
203299,400039,行业属于,行业属于
200037,400039,行业属于,行业属于
200007,400039,行业属于,行业属于
201242,400039,行业属于,行业属于
200411,400039,行业属于,行业属于
200631,400039,行业属于,行业属于
200186,400039,行业属于,行业属于
200644,400039,行业属于,行业属于
200245,400039,行业属于,行业属于
203063,400039,行业属于,行业属于
202706,400039,行业属于,行业属于
201482,400039,行业属于,行业属于
203381,400039,行业属于,行业属于
202985,400039,行业属于,行业属于
202922,400039,行业属于,行业属于
203179,400039,行业属于,行业属于
202905,400039,行业属于,行业属于
201962,400039,行业属于,行业属于
202183,400039,行业属于,行业属于
201215,400039,行业属于,行业属于
203340,400039,行业属于,行业属于
203370,400039,行业属于,行业属于
201214,400039,行业属于,行业属于
202375,400039,行业属于,行业属于
200212,400039,行业属于,行业属于
201213,400039,行业属于,行业属于
202790,400039,行业属于,行业属于
202223,400039,行业属于,行业属于
200784,400039,行业属于,行业属于
203062,400039,行业属于,行业属于
203171,400039,行业属于,行业属于
202453,400039,行业属于,行业属于
202763,400039,行业属于,行业属于
201618,400039,行业属于,行业属于
200172,400039,行业属于,行业属于
201789,400039,行业属于,行业属于
203278,400039,行业属于,行业属于
202952,400039,行业属于,行业属于
201636,400039,行业属于,行业属于
203069,400039,行业属于,行业属于
201935,400039,行业属于,行业属于
202822,400039,行业属于,行业属于
202585,400039,行业属于,行业属于
202846,400039,行业属于,行业属于
200878,400039,行业属于,行业属于
203386,400039,行业属于,行业属于
201957,400039,行业属于,行业属于
201204,400039,行业属于,行业属于
200068,400039,行业属于,行业属于
200812,400039,行业属于,行业属于
203135,400039,行业属于,行业属于
202799,400039,行业属于,行业属于
202620,400039,行业属于,行业属于
203512,400039,行业属于,行业属于
200639,400039,行业属于,行业属于
201055,400039,行业属于,行业属于
202518,400039,行业属于,行业属于
200556,400039,行业属于,行业属于
200080,400039,行业属于,行业属于
203235,400039,行业属于,行业属于
203244,400039,行业属于,行业属于
203128,400039,行业属于,行业属于
200065,400040,行业属于,行业属于
200089,400040,行业属于,行业属于
200132,400040,行业属于,行业属于
200055,400040,行业属于,行业属于
200506,400040,行业属于,行业属于
200782,400040,行业属于,行业属于
200353,400040,行业属于,行业属于
200386,400040,行业属于,行业属于
200099,400040,行业属于,行业属于
200981,400040,行业属于,行业属于
200608,400040,行业属于,行业属于
200343,400040,行业属于,行业属于
200596,400040,行业属于,行业属于
200209,400040,行业属于,行业属于
200511,400040,行业属于,行业属于
201135,400040,行业属于,行业属于
200566,400040,行业属于,行业属于
200427,400040,行业属于,行业属于
200515,400040,行业属于,行业属于
200326,400040,行业属于,行业属于
200173,400040,行业属于,行业属于
200161,400040,行业属于,行业属于
202090,400040,行业属于,行业属于
200614,400040,行业属于,行业属于
200128,400040,行业属于,行业属于
200274,400040,行业属于,行业属于
200654,400040,行业属于,行业属于
200205,400040,行业属于,行业属于
202120,400040,行业属于,行业属于
200125,400040,行业属于,行业属于
200381,400040,行业属于,行业属于
200498,400040,行业属于,行业属于
200914,400040,行业属于,行业属于
200408,400040,行业属于,行业属于
200526,400040,行业属于,行业属于
200217,400040,行业属于,行业属于
200528,400040,行业属于,行业属于
200534,400040,行业属于,行业属于
200789,400040,行业属于,行业属于
200187,400040,行业属于,行业属于
200108,400040,行业属于,行业属于
200253,400040,行业属于,行业属于
200206,400040,行业属于,行业属于
201325,400040,行业属于,行业属于
200710,400040,行业属于,行业属于
200986,400040,行业属于,行业属于
200401,400040,行业属于,行业属于
200384,400040,行业属于,行业属于
200458,400040,行业属于,行业属于
200535,400040,行业属于,行业属于
200474,400040,行业属于,行业属于
200463,400040,行业属于,行业属于
203473,400040,行业属于,行业属于
200354,400040,行业属于,行业属于
200230,400040,行业属于,行业属于
200455,400040,行业属于,行业属于
200357,400040,行业属于,行业属于
200563,400040,行业属于,行业属于
200410,400040,行业属于,行业属于
203015,400040,行业属于,行业属于
200704,400040,行业属于,行业属于
200196,400041,行业属于,行业属于
203192,400041,行业属于,行业属于
203160,400041,行业属于,行业属于
200820,400041,行业属于,行业属于
201477,400041,行业属于,行业属于
200778,400041,行业属于,行业属于
201173,400041,行业属于,行业属于
201169,400041,行业属于,行业属于
201666,400041,行业属于,行业属于
200824,400041,行业属于,行业属于
200552,400041,行业属于,行业属于
201148,400041,行业属于,行业属于
201874,400041,行业属于,行业属于
201735,400041,行业属于,行业属于
200414,400041,行业属于,行业属于
200774,400041,行业属于,行业属于
202192,400041,行业属于,行业属于
202213,400041,行业属于,行业属于
201674,400041,行业属于,行业属于
201929,400041,行业属于,行业属于
200729,400041,行业属于,行业属于
200422,400041,行业属于,行业属于
200547,400041,行业属于,行业属于
202360,400041,行业属于,行业属于
201894,400041,行业属于,行业属于
201051,400041,行业属于,行业属于
202124,400041,行业属于,行业属于
200836,400041,行业属于,行业属于
200542,400041,行业属于,行业属于
202982,400041,行业属于,行业属于
202597,400041,行业属于,行业属于
202033,400041,行业属于,行业属于
200753,400041,行业属于,行业属于
200509,400041,行业属于,行业属于
200214,400041,行业属于,行业属于
202498,400041,行业属于,行业属于
200218,400041,行业属于,行业属于
200530,400041,行业属于,行业属于
202364,400041,行业属于,行业属于
202809,400041,行业属于,行业属于
201630,400041,行业属于,行业属于
200687,400041,行业属于,行业属于
200416,400041,行业属于,行业属于
200960,400041,行业属于,行业属于
201067,400041,行业属于,行业属于
201004,400041,行业属于,行业属于
200724,400041,行业属于,行业属于
202715,400041,行业属于,行业属于
200439,400041,行业属于,行业属于
202806,400041,行业属于,行业属于
201338,400041,行业属于,行业属于
201062,400041,行业属于,行业属于
200869,400041,行业属于,行业属于
200951,400041,行业属于,行业属于
201878,400041,行业属于,行业属于
200588,400041,行业属于,行业属于
201543,400041,行业属于,行业属于
200684,400041,行业属于,行业属于
201318,400041,行业属于,行业属于
203006,400041,行业属于,行业属于
200001,400041,行业属于,行业属于
200105,400041,行业属于,行业属于
200047,400041,行业属于,行业属于
200177,400041,行业属于,行业属于
201525,400041,行业属于,行业属于
200192,400041,行业属于,行业属于
203004,400041,行业属于,行业属于
200769,400041,行业属于,行业属于
200405,400041,行业属于,行业属于
200235,400041,行业属于,行业属于
200393,400041,行业属于,行业属于
200081,400041,行业属于,行业属于
200269,400041,行业属于,行业属于
202509,400041,行业属于,行业属于
202650,400041,行业属于,行业属于
201621,400041,行业属于,行业属于
201910,400041,行业属于,行业属于
202538,400041,行业属于,行业属于
201626,400041,行业属于,行业属于
200850,400041,行业属于,行业属于
200973,400041,行业属于,行业属于
203376,400041,行业属于,行业属于
202311,400041,行业属于,行业属于
202066,400041,行业属于,行业属于
201048,400041,行业属于,行业属于
202209,400041,行业属于,行业属于
201575,400041,行业属于,行业属于
201839,400041,行业属于,行业属于
201246,400041,行业属于,行业属于
203464,400041,行业属于,行业属于
202991,400041,行业属于,行业属于
200208,400041,行业属于,行业属于
202404,400041,行业属于,行业属于
202563,400041,行业属于,行业属于
201955,400041,行业属于,行业属于
203101,400041,行业属于,行业属于
202856,400041,行业属于,行业属于
201843,400041,行业属于,行业属于
200945,400041,行业属于,行业属于
202584,400041,行业属于,行业属于
202220,400041,行业属于,行业属于
202196,400041,行业属于,行业属于
202366,400042,行业属于,行业属于
201424,400042,行业属于,行业属于
200442,400042,行业属于,行业属于
201748,400042,行业属于,行业属于
200656,400042,行业属于,行业属于
201596,400042,行业属于,行业属于
202956,400042,行业属于,行业属于
200777,400042,行业属于,行业属于
200351,400042,行业属于,行业属于
200874,400042,行业属于,行业属于
202890,400042,行业属于,行业属于
200572,400042,行业属于,行业属于
202658,400042,行业属于,行业属于
200045,400042,行业属于,行业属于
200969,400042,行业属于,行业属于
200595,400042,行业属于,行业属于
202036,400043,行业属于,行业属于
201163,400043,行业属于,行业属于
201823,400043,行业属于,行业属于
200413,400043,行业属于,行业属于
200076,400043,行业属于,行业属于
201142,400043,行业属于,行业属于
201436,400043,行业属于,行业属于
200284,400043,行业属于,行业属于
201140,400043,行业属于,行业属于
202862,400043,行业属于,行业属于
203457,400043,行业属于,行业属于
200834,400043,行业属于,行业属于
200110,400043,行业属于,行业属于
201117,400043,行业属于,行业属于
201106,400043,行业属于,行业属于
201380,400043,行业属于,行业属于
201993,400043,行业属于,行业属于
201863,400043,行业属于,行业属于
200097,400043,行业属于,行业属于
201733,400043,行业属于,行业属于
202037,400043,行业属于,行业属于
200967,400043,行业属于,行业属于
202561,400043,行业属于,行业属于
202318,400043,行业属于,行业属于
202156,400043,行业属于,行业属于
201310,400043,行业属于,行业属于
203535,400043,行业属于,行业属于
201855,400043,行业属于,行业属于
200970,400043,行业属于,行业属于
201990,400043,行业属于,行业属于
201292,400043,行业属于,行业属于
200469,400043,行业属于,行业属于
200320,400043,行业属于,行业属于
203338,400043,行业属于,行业属于
202253,400043,行业属于,行业属于
201003,400043,行业属于,行业属于
200019,400043,行业属于,行业属于
201255,400043,行业属于,行业属于
202492,400043,行业属于,行业属于
201900,400043,行业属于,行业属于
202167,400043,行业属于,行业属于
200627,400043,行业属于,行业属于
200829,400043,行业属于,行业属于
201231,400043,行业属于,行业属于
202275,400043,行业属于,行业属于
200140,400044,行业属于,行业属于
200051,400044,行业属于,行业属于
202735,400044,行业属于,行业属于
201146,400044,行业属于,行业属于
202855,400044,行业属于,行业属于
202199,400044,行业属于,行业属于
200191,400044,行业属于,行业属于
200137,400044,行业属于,行业属于
202774,400044,行业属于,行业属于
203362,400044,行业属于,行业属于
202353,400044,行业属于,行业属于
200303,400044,行业属于,行业属于
200403,400044,行业属于,行业属于
200461,400044,行业属于,行业属于
200994,400044,行业属于,行业属于
200098,400044,行业属于,行业属于
201592,400044,行业属于,行业属于
200835,400044,行业属于,行业属于
200324,400044,行业属于,行业属于
200564,400044,行业属于,行业属于
200133,400044,行业属于,行业属于
203248,400044,行业属于,行业属于
200617,400044,行业属于,行业属于
200929,400044,行业属于,行业属于
200179,400044,行业属于,行业属于
200478,400044,行业属于,行业属于
200240,400044,行业属于,行业属于
201302,400044,行业属于,行业属于
200291,400044,行业属于,行业属于
200952,400044,行业属于,行业属于
200335,400044,行业属于,行业属于
201593,400044,行业属于,行业属于
200087,400044,行业属于,行业属于
200697,400044,行业属于,行业属于
200160,400044,行业属于,行业属于
201167,400045,行业属于,行业属于
201151,400045,行业属于,行业属于
202286,400045,行业属于,行业属于
202267,400045,行业属于,行业属于
201761,400045,行业属于,行业属于
202843,400045,行业属于,行业属于
202523,400045,行业属于,行业属于
201127,400045,行业属于,行业属于
202714,400045,行业属于,行业属于
203209,400045,行业属于,行业属于
201523,400045,行业属于,行业属于
200902,400045,行业属于,行业属于
201426,400045,行业属于,行业属于
202400,400045,行业属于,行业属于
202745,400045,行业属于,行业属于
202970,400045,行业属于,行业属于
202761,400045,行业属于,行业属于
202770,400045,行业属于,行业属于
202225,400045,行业属于,行业属于
202839,400045,行业属于,行业属于
200074,400045,行业属于,行业属于
202788,400045,行业属于,行业属于
202545,400045,行业属于,行业属于
203065,400045,行业属于,行业属于
202410,400045,行业属于,行业属于
200833,400046,行业属于,行业属于
200723,400046,行业属于,行业属于
200876,400046,行业属于,行业属于
202392,400046,行业属于,行业属于
201161,400046,行业属于,行业属于
202748,400046,行业属于,行业属于
200066,400046,行业属于,行业属于
200740,400046,行业属于,行业属于
202376,400046,行业属于,行业属于
202030,400046,行业属于,行业属于
201676,400046,行业属于,行业属于
202021,400046,行业属于,行业属于
201650,400046,行业属于,行业属于
202018,400046,行业属于,行业属于
202362,400046,行业属于,行业属于
200567,400046,行业属于,行业属于
202137,400046,行业属于,行业属于
200928,400046,行业属于,行业属于
202328,400046,行业属于,行业属于
203200,400046,行业属于,行业属于
202776,400046,行业属于,行业属于
200691,400047,行业属于,行业属于
200127,400047,行业属于,行业属于
201854,400047,行业属于,行业属于
200302,400047,行业属于,行业属于
201309,400047,行业属于,行业属于
200681,400047,行业属于,行业属于
200858,400048,行业属于,行业属于
200643,400048,行业属于,行业属于
202061,400048,行业属于,行业属于
200916,400048,行业属于,行业属于
202969,400048,行业属于,行业属于
200445,400048,行业属于,行业属于
201326,400048,行业属于,行业属于
203330,400048,行业属于,行业属于
202641,400048,行业属于,行业属于
202186,400048,行业属于,行业属于
202381,400048,行业属于,行业属于
202978,400048,行业属于,行业属于
202813,400048,行业属于,行业属于
202461,400048,行业属于,行业属于
201043,400048,行业属于,行业属于
200979,400048,行业属于,行业属于
200134,400048,行业属于,行业属于
202031,400048,行业属于,行业属于
201845,400048,行业属于,行业属于
200316,400048,行业属于,行业属于
202102,400049,行业属于,行业属于
200718,400049,行业属于,行业属于
200298,400049,行业属于,行业属于
202278,400049,行业属于,行业属于
201103,400049,行业属于,行业属于
202211,400049,行业属于,行业属于
202293,400049,行业属于,行业属于
203242,400049,行业属于,行业属于
201483,400049,行业属于,行业属于
200203,400049,行业属于,行业属于
202063,400049,行业属于,行业属于
201628,400049,行业属于,行业属于
202439,400049,行业属于,行业属于
202505,400049,行业属于,行业属于
202067,400049,行业属于,行业属于
200716,400049,行业属于,行业属于
202520,400049,行业属于,行业属于
202903,400049,行业属于,行业属于
200347,400049,行业属于,行业属于
201880,400049,行业属于,行业属于
202479,400049,行业属于,行业属于
203507,400049,行业属于,行业属于
202435,400049,行业属于,行业属于
202612,400049,行业属于,行业属于
203463,400049,行业属于,行业属于
202340,400049,行业属于,行业属于
201032,400049,行业属于,行业属于
201673,400049,行业属于,行业属于
202222,400049,行业属于,行业属于
203073,400049,行业属于,行业属于
200372,400049,行业属于,行业属于
201238,400049,行业属于,行业属于
202250,400049,行业属于,行业属于
201807,400049,行业属于,行业属于
201584,400049,行业属于,行业属于
201234,400049,行业属于,行业属于
